-- MySQL dump 10.13  Distrib 5.7.23, for Linux (x86_64)
--
-- Host: drussell1974.mysql.pythonanywhere-services.com    Database: drussell1974$cssow
-- ------------------------------------------------------
-- Server version	5.6.40-log

/*!40101 SET @OLD_CHARACTER_SET_CLIENT=@@CHARACTER_SET_CLIENT */;
/*!40101 SET @OLD_CHARACTER_SET_RESULTS=@@CHARACTER_SET_RESULTS */;
/*!40101 SET @OLD_COLLATION_CONNECTION=@@COLLATION_CONNECTION */;
/*!40101 SET NAMES utf8 */;
/*!40103 SET @OLD_TIME_ZONE=@@TIME_ZONE */;
/*!40103 SET TIME_ZONE='+00:00' */;
/*!40014 SET @OLD_UNIQUE_CHECKS=@@UNIQUE_CHECKS, UNIQUE_CHECKS=0 */;
/*!40014 SET @OLD_FOREIGN_KEY_CHECKS=@@FOREIGN_KEY_CHECKS, FOREIGN_KEY_CHECKS=0 */;
/*!40101 SET @OLD_SQL_MODE=@@SQL_MODE, SQL_MODE='NO_AUTO_VALUE_ON_ZERO' */;
/*!40111 SET @OLD_SQL_NOTES=@@SQL_NOTES, SQL_NOTES=0 */;

--
-- Table structure for table `auth_cas`
--

DROP TABLE IF EXISTS `auth_cas`;
/*!40101 SET @saved_cs_client     = @@character_set_client */;
/*!40101 SET character_set_client = utf8 */;
CREATE TABLE `auth_cas` (
  `id` int(11) NOT NULL AUTO_INCREMENT,
  `user_id` int(11) DEFAULT NULL,
  `created_on` datetime DEFAULT NULL,
  `service` varchar(512) DEFAULT NULL,
  `ticket` varchar(512) DEFAULT NULL,
  `renew` char(1) DEFAULT NULL,
  PRIMARY KEY (`id`),
  KEY `user_id__idx` (`user_id`),
  CONSTRAINT `auth_cas_ibfk_1` FOREIGN KEY (`user_id`) REFERENCES `auth_user` (`id`) ON DELETE CASCADE
) ENGINE=InnoDB DEFAULT CHARSET=utf8;
/*!40101 SET character_set_client = @saved_cs_client */;

--
-- Dumping data for table `auth_cas`
--

LOCK TABLES `auth_cas` WRITE;
/*!40000 ALTER TABLE `auth_cas` DISABLE KEYS */;
/*!40000 ALTER TABLE `auth_cas` ENABLE KEYS */;
UNLOCK TABLES;

--
-- Table structure for table `auth_event`
--

DROP TABLE IF EXISTS `auth_event`;
/*!40101 SET @saved_cs_client     = @@character_set_client */;
/*!40101 SET character_set_client = utf8 */;
CREATE TABLE `auth_event` (
  `id` int(11) NOT NULL AUTO_INCREMENT,
  `time_stamp` datetime DEFAULT NULL,
  `client_ip` varchar(512) DEFAULT NULL,
  `user_id` int(11) DEFAULT NULL,
  `origin` varchar(512) DEFAULT NULL,
  `description` longtext,
  PRIMARY KEY (`id`),
  KEY `user_id__idx` (`user_id`),
  CONSTRAINT `auth_event_ibfk_1` FOREIGN KEY (`user_id`) REFERENCES `auth_user` (`id`) ON DELETE CASCADE
) ENGINE=InnoDB AUTO_INCREMENT=183 DEFAULT CHARSET=utf8;
/*!40101 SET character_set_client = @saved_cs_client */;

--
-- Dumping data for table `auth_event`
--

LOCK TABLES `auth_event` WRITE;
/*!40000 ALTER TABLE `auth_event` DISABLE KEYS */;
INSERT INTO `auth_event` VALUES (1,'2018-12-16 15:06:46','127.0.0.1',NULL,'auth','Group 1 created'),(2,'2018-12-16 15:06:46','127.0.0.1',1,'auth','User 1 Registered'),(3,'2018-12-16 15:06:59','127.0.0.1',1,'auth','User 1 Profile updated'),(4,'2018-12-16 15:11:57','127.0.0.1',1,'auth','User 1 Logged-out'),(5,'2018-12-16 15:12:13','127.0.0.1',1,'auth','User 1 Logged-in'),(6,'2018-12-16 15:12:27','127.0.0.1',1,'auth','User 1 Logged-out'),(7,'2018-12-16 15:13:27','127.0.0.1',NULL,'auth','User 1 Password reset'),(8,'2018-12-16 17:03:16','127.0.0.1',1,'auth','User 1 Logged-in'),(9,'2018-12-17 02:59:49','127.0.0.1',1,'auth','User 1 Logged-out'),(10,'2018-12-17 03:00:18','127.0.0.1',1,'auth','User 1 Logged-in'),(11,'2018-12-17 06:18:50','127.0.0.1',1,'auth','User 1 Logged-in'),(12,'2018-12-17 06:29:49','127.0.0.1',1,'auth','User 1 Logged-out'),(13,'2018-12-17 06:31:45','127.0.0.1',1,'auth','User 1 Logged-in'),(14,'2018-12-18 04:19:06','127.0.0.1',1,'auth','User 1 Logged-in'),(15,'2018-12-18 07:24:12','127.0.0.1',1,'auth','User 1 Logged-out'),(16,'2018-12-18 07:24:43','127.0.0.1',1,'auth','User 1 Logged-in'),(17,'2018-12-19 08:50:19','127.0.0.1',1,'auth','User 1 Logged-in'),(18,'2018-12-19 09:04:41','127.0.0.1',1,'auth','User 1 Logged-in'),(19,'2018-12-19 09:23:04','127.0.0.1',1,'auth','User 1 Logged-in'),(20,'2018-12-20 04:34:04','127.0.0.1',1,'auth','User 1 Logged-in'),(21,'2018-12-20 18:13:41','127.0.0.1',1,'auth','User 1 Logged-in'),(22,'2018-12-21 02:55:16','127.0.0.1',1,'auth','User 1 Logged-in'),(23,'2018-12-21 12:46:28','127.0.0.1',1,'auth','User 1 Logged-in'),(24,'2018-12-21 18:41:52','127.0.0.1',1,'auth','User 1 Logged-in'),(25,'2018-12-22 02:49:52','127.0.0.1',1,'auth','User 1 Logged-in'),(26,'2018-12-22 05:58:00','127.0.0.1',1,'auth','User 1 Logged-in'),(27,'2018-12-22 07:10:16','127.0.0.1',1,'auth','User 1 Logged-in'),(28,'2018-12-22 07:36:57','127.0.0.1',1,'auth','User 1 Logged-in'),(29,'2018-12-22 12:18:49','127.0.0.1',1,'auth','User 1 Logged-in'),(30,'2018-12-22 13:06:22','127.0.0.1',1,'auth','User 1 Logged-in'),(31,'2018-12-23 03:09:16','127.0.0.1',1,'auth','User 1 Logged-in'),(32,'2018-12-23 08:54:53','127.0.0.1',1,'auth','User 1 Logged-in'),(33,'2018-12-23 16:21:08','127.0.0.1',1,'auth','User 1 Logged-in'),(34,'2018-12-23 17:58:19','127.0.0.1',1,'auth','User 1 Logged-in'),(35,'2018-12-24 03:35:04','127.0.0.1',1,'auth','User 1 Logged-in'),(36,'2018-12-24 05:13:50','127.0.0.1',1,'auth','User 1 Logged-in'),(37,'2018-12-24 07:42:31','86.157.146.9',1,'auth','User 1 Logged-in'),(38,'2018-12-24 07:45:35','86.157.146.9',1,'auth','User 1 Password changed'),(39,'2018-12-24 07:56:01','86.157.146.9',1,'auth','User 1 Logged-out'),(40,'2018-12-24 07:56:29','86.157.146.9',NULL,'auth','User 1 Password reset'),(41,'2018-12-24 08:33:23','86.157.146.9',1,'auth','User 1 Logged-in'),(42,'2018-12-24 09:44:43','86.157.146.9',1,'auth','User 1 Logged-in'),(43,'2018-12-27 05:04:03','86.157.146.9',1,'auth','User 1 Logged-in'),(44,'2018-12-30 07:36:47','86.157.146.9',1,'auth','User 1 Logged-in'),(45,'2019-01-01 20:22:03','86.157.146.9',1,'auth','User 1 Logged-in'),(46,'2019-01-02 21:44:01','92.31.110.72',1,'auth','User 1 Logged-in'),(47,'2019-01-03 16:31:12','86.157.146.9',1,'auth','User 1 Logged-in'),(48,'2019-01-05 13:25:31','86.157.146.9',1,'auth','User 1 Logged-in'),(49,'2019-01-05 14:15:22','86.157.146.9',1,'auth','User 1 Logged-in'),(50,'2019-01-05 17:39:24','86.157.146.9',1,'auth','User 1 Logged-in'),(51,'2019-01-11 05:10:32','86.157.146.9',1,'auth','User 1 Logged-in'),(52,'2019-01-11 05:10:56','86.157.146.9',1,'auth','User 1 Logged-out'),(53,'2019-01-11 13:07:43','154.47.75.66',1,'auth','User 1 Logged-in'),(54,'2019-01-13 13:38:52','86.157.146.9',1,'auth','User 1 Logged-in'),(55,'2019-01-13 15:33:35','86.157.146.9',1,'auth','User 1 Logged-in'),(56,'2019-01-15 07:55:34','86.157.146.9',1,'auth','User 1 Logged-in'),(57,'2019-01-15 10:56:43','86.157.146.9',1,'auth','User 1 Logged-in'),(58,'2019-01-15 12:50:36','86.157.146.9',1,'auth','User 1 Logged-in'),(59,'2019-01-16 04:38:59','86.165.182.253',1,'auth','User 1 Logged-in'),(60,'2019-01-16 11:25:18','86.165.182.253',1,'auth','User 1 Logged-in'),(61,'2019-01-16 16:47:16','86.165.182.253',1,'auth','User 1 Logged-in'),(62,'2019-01-17 07:59:02','86.165.182.253',1,'auth','User 1 Logged-in'),(63,'2019-01-17 09:07:38','86.165.182.253',1,'auth','User 1 Logged-in'),(64,'2019-01-17 13:18:53','86.165.182.253',1,'auth','User 1 Logged-in'),(65,'2019-01-17 15:41:20','86.165.182.253',1,'auth','User 1 Logged-in'),(66,'2019-01-18 05:40:30','86.165.182.253',1,'auth','User 1 Logged-in'),(67,'2019-01-18 11:34:28','86.165.182.253',1,'auth','User 1 Logged-in'),(68,'2019-01-18 13:48:18','86.165.182.253',1,'auth','User 1 Logged-in'),(69,'2019-01-18 18:39:05','86.165.182.253',1,'auth','User 1 Logged-in'),(70,'2019-01-18 18:39:18','86.165.182.253',1,'auth','User 1 Logged-out'),(71,'2019-01-18 18:39:55','86.165.182.253',1,'auth','User 1 Logged-in'),(72,'2019-01-19 18:34:56','86.165.182.253',1,'auth','User 1 Logged-in'),(73,'2019-01-20 09:23:30','86.165.182.253',1,'auth','User 1 Logged-in'),(74,'2019-01-20 11:19:29','86.165.182.253',1,'auth','User 1 Logged-in'),(75,'2019-01-21 13:38:58','86.165.182.253',1,'auth','User 1 Logged-in'),(76,'2019-01-22 07:39:02','86.165.182.253',1,'auth','User 1 Logged-in'),(77,'2019-01-22 11:40:13','86.165.182.253',1,'auth','User 1 Logged-in'),(78,'2019-01-22 14:54:40','86.165.182.253',1,'auth','User 1 Logged-in'),(79,'2019-01-22 15:29:39','86.165.182.253',1,'auth','User 1 Logged-in'),(80,'2019-01-23 05:08:58','86.165.182.253',1,'auth','User 1 Logged-in'),(81,'2019-01-23 14:24:24','86.165.182.253',1,'auth','User 1 Logged-in'),(82,'2019-01-23 14:41:47','86.165.182.253',1,'auth','User 1 Logged-in'),(83,'2019-01-23 16:22:02','86.165.182.253',1,'auth','User 1 Logged-in'),(84,'2019-01-26 04:19:40','86.165.182.253',1,'auth','User 1 Logged-in'),(85,'2019-01-26 08:06:55','86.165.182.253',1,'auth','User 1 Logged-in'),(86,'2019-01-27 17:41:13','86.165.182.253',1,'auth','User 1 Logged-in'),(87,'2019-01-31 13:45:30','86.169.11.185',1,'auth','User 1 Logged-in'),(88,'2019-02-01 05:34:12','86.169.11.185',1,'auth','User 1 Logged-in'),(89,'2019-02-01 07:30:39','86.169.11.185',1,'auth','User 1 Logged-in'),(90,'2019-02-01 10:37:36','86.169.11.185',1,'auth','User 1 Logged-in'),(91,'2019-02-01 10:55:43','86.169.11.185',1,'auth','User 1 Logged-out'),(92,'2019-02-01 10:58:22','86.169.11.185',1,'auth','User 1 Logged-in'),(93,'2019-02-01 17:14:50','86.169.11.185',1,'auth','User 1 Logged-in'),(94,'2019-02-02 05:45:17','86.169.11.185',1,'auth','User 1 Logged-in'),(95,'2019-02-02 08:09:32','86.169.11.185',1,'auth','User 1 Logged-in'),(96,'2019-02-02 10:36:54','86.169.11.185',1,'auth','User 1 Logged-in'),(97,'2019-02-03 13:43:51','86.169.11.185',1,'auth','User 1 Logged-in'),(98,'2019-02-03 14:38:41','86.169.11.185',1,'auth','User 1 Logged-in'),(99,'2019-02-03 14:47:49','86.169.11.185',1,'auth','User 1 Logged-in'),(100,'2019-02-03 16:37:14','86.169.11.185',1,'auth','User 1 Logged-in'),(101,'2019-02-03 20:06:10','86.169.11.185',1,'auth','User 1 Logged-in'),(102,'2019-02-03 20:07:03','86.169.11.185',1,'auth','User 1 Logged-out'),(103,'2019-02-04 04:45:43','86.169.11.185',1,'auth','User 1 Logged-in'),(104,'2019-02-04 05:25:06','86.169.11.185',1,'auth','User 1 Logged-in'),(105,'2019-02-04 09:12:34','88.98.33.129',NULL,'auth','Group 2 created'),(106,'2019-02-04 09:12:34','88.98.33.129',NULL,'auth','User 2 Registered'),(107,'2019-02-04 10:47:41','88.98.33.129',1,'auth','User 1 Logged-in'),(108,'2019-02-08 05:30:31','86.169.11.185',1,'auth','User 1 Logged-in'),(109,'2019-02-08 09:28:28','86.169.11.185',1,'auth','User 1 Logged-in'),(110,'2019-02-08 11:29:31','86.169.11.185',1,'auth','User 1 Logged-in'),(111,'2019-02-08 15:13:12','86.169.11.185',1,'auth','User 1 Logged-in'),(112,'2019-02-08 16:37:16','86.169.11.185',1,'auth','User 1 Logged-in'),(113,'2019-02-10 05:51:38','86.169.11.185',1,'auth','User 1 Logged-in'),(114,'2019-02-10 06:15:08','86.169.11.185',1,'auth','User 1 Logged-in'),(115,'2019-02-10 09:15:44','86.169.11.185',1,'auth','User 1 Logged-out'),(116,'2019-02-10 09:16:46','86.169.11.185',1,'auth','User 1 Logged-in'),(117,'2019-02-10 11:59:16','86.169.11.185',1,'auth','User 1 Logged-in'),(118,'2019-02-12 03:34:48','86.169.11.185',1,'auth','User 1 Logged-in'),(119,'2019-02-13 09:29:12','88.98.33.129',1,'auth','User 1 Logged-in'),(120,'2019-02-14 10:57:21','86.169.242.153',1,'auth','User 1 Logged-in'),(121,'2019-02-14 12:25:44','86.169.242.153',1,'auth','User 1 Logged-in'),(122,'2019-02-15 13:50:09','86.169.242.153',1,'auth','User 1 Logged-in'),(123,'2019-02-15 16:17:17','86.169.242.153',1,'auth','User 1 Logged-in'),(124,'2019-02-15 16:35:32','86.169.242.153',1,'auth','User 1 Logged-in'),(125,'2019-02-17 05:53:25','86.169.242.153',1,'auth','User 1 Logged-in'),(126,'2019-02-18 05:19:07','86.169.242.153',1,'auth','User 1 Logged-in'),(127,'2019-02-18 12:36:11','86.169.242.153',1,'auth','User 1 Logged-in'),(128,'2019-02-19 07:34:51','86.169.242.153',1,'auth','User 1 Logged-in'),(129,'2019-02-19 09:20:06','86.169.242.153',1,'auth','User 1 Logged-in'),(130,'2019-02-20 05:40:46','86.169.242.153',1,'auth','User 1 Logged-in'),(131,'2019-02-20 15:02:35','86.169.242.153',1,'auth','User 1 Logged-in'),(132,'2019-02-21 04:33:42','86.169.242.153',1,'auth','User 1 Logged-in'),(133,'2019-02-22 10:13:02','85.255.235.24',1,'auth','User 1 Logged-in'),(134,'2019-02-24 07:43:27','86.169.242.153',1,'auth','User 1 Logged-in'),(135,'2019-02-24 12:04:03','86.169.242.153',1,'auth','User 1 Logged-in'),(136,'2019-02-24 18:39:35','86.169.242.153',1,'auth','User 1 Logged-in'),(137,'2019-02-25 04:54:32','86.169.242.153',1,'auth','User 1 Logged-in'),(138,'2019-02-26 07:35:48','88.98.33.129',1,'auth','User 1 Logged-in'),(139,'2019-02-27 05:00:46','86.169.242.153',1,'auth','User 1 Logged-in'),(140,'2019-02-27 09:32:35','88.98.33.129',1,'auth','User 1 Logged-in'),(141,'2019-02-27 12:05:57','88.98.33.129',1,'auth','User 1 Logged-in'),(142,'2019-03-01 09:12:09','86.169.242.213',1,'auth','User 1 Logged-in'),(143,'2019-03-01 13:11:55','86.169.242.213',1,'auth','User 1 Logged-in'),(144,'2019-03-02 05:27:26','86.169.242.213',1,'auth','User 1 Logged-in'),(145,'2019-03-02 08:46:22','86.169.242.213',1,'auth','User 1 Logged-in'),(146,'2019-03-03 09:03:11','86.169.242.213',1,'auth','User 1 Logged-in'),(147,'2019-03-04 12:43:23','88.98.33.129',1,'auth','User 1 Logged-in'),(148,'2019-03-05 05:25:35','86.169.242.213',1,'auth','User 1 Logged-in'),(149,'2019-03-06 05:17:20','86.169.242.213',1,'auth','User 1 Logged-in'),(150,'2019-03-06 06:38:04','86.169.242.213',1,'auth','User 1 Logged-in'),(151,'2019-03-08 07:15:56','86.169.242.213',1,'auth','User 1 Logged-in'),(152,'2019-03-09 04:02:52','86.169.242.213',1,'auth','User 1 Logged-in'),(153,'2019-03-09 11:34:42','86.169.242.213',1,'auth','User 1 Logged-in'),(154,'2019-03-12 11:44:20','88.98.33.129',1,'auth','User 1 Logged-in'),(155,'2019-03-14 11:48:20','86.169.242.213',1,'auth','User 1 Logged-in'),(156,'2019-03-15 13:16:52','86.164.224.179',1,'auth','User 1 Logged-in'),(157,'2019-03-15 16:39:46','86.164.224.179',1,'auth','User 1 Logged-in'),(158,'2019-03-18 10:48:10','86.63.9.30',NULL,'auth','Group 3 created'),(159,'2019-03-18 10:48:10','86.63.9.30',NULL,'auth','User 3 Registered'),(160,'2019-03-23 12:32:41','86.164.224.179',1,'auth','User 1 Logged-in'),(161,'2019-03-23 17:30:24','86.164.224.179',1,'auth','User 1 Logged-in'),(162,'2019-03-23 19:31:42','86.164.224.179',1,'auth','User 1 Logged-in'),(163,'2019-03-24 05:32:26','86.164.224.179',1,'auth','User 1 Logged-in'),(164,'2019-03-24 11:04:42','86.164.224.179',1,'auth','User 1 Logged-in'),(165,'2019-03-29 11:36:10','86.164.224.179',1,'auth','User 1 Logged-in'),(166,'2019-04-01 11:47:26','88.98.33.129',1,'auth','User 1 Logged-in'),(167,'2019-04-10 04:20:20','86.132.234.252',1,'auth','User 1 Logged-in'),(168,'2019-04-11 15:34:36','86.132.234.252',1,'auth','User 1 Logged-in'),(169,'2019-04-12 05:02:57','86.132.234.252',1,'auth','User 1 Logged-in'),(170,'2019-04-18 08:48:01','86.157.146.112',1,'auth','User 1 Logged-in'),(171,'2019-04-19 04:26:37','86.157.146.112',1,'auth','User 1 Logged-in'),(172,'2019-04-19 18:25:20','86.157.146.112',1,'auth','User 1 Logged-in'),(173,'2019-04-24 09:11:19','88.98.33.129',1,'auth','User 1 Logged-in'),(174,'2019-04-30 03:17:30','86.157.146.112',1,'auth','User 1 Logged-in'),(175,'2019-05-02 06:22:15','86.157.146.112',1,'auth','User 1 Logged-in'),(176,'2019-05-03 03:51:45','86.157.146.112',1,'auth','User 1 Logged-in'),(177,'2019-05-08 06:39:11','88.98.33.129',1,'auth','User 1 Logged-in'),(178,'2019-05-14 08:06:19','88.98.33.129',1,'auth','User 1 Logged-in'),(179,'2019-05-14 10:07:04','88.98.33.129',1,'auth','User 1 Logged-in'),(180,'2019-05-14 13:22:10','88.98.33.129',1,'auth','User 1 Logged-in'),(181,'2019-05-20 06:47:09','88.98.33.129',1,'auth','User 1 Logged-in'),(182,'2019-05-22 06:42:37','88.98.33.129',1,'auth','User 1 Logged-in');
/*!40000 ALTER TABLE `auth_event` ENABLE KEYS */;
UNLOCK TABLES;

--
-- Table structure for table `auth_group`
--

DROP TABLE IF EXISTS `auth_group`;
/*!40101 SET @saved_cs_client     = @@character_set_client */;
/*!40101 SET character_set_client = utf8 */;
CREATE TABLE `auth_group` (
  `id` int(11) NOT NULL AUTO_INCREMENT,
  `role` varchar(512) DEFAULT NULL,
  `description` longtext,
  PRIMARY KEY (`id`)
) ENGINE=InnoDB AUTO_INCREMENT=4 DEFAULT CHARSET=utf8;
/*!40101 SET character_set_client = @saved_cs_client */;

--
-- Dumping data for table `auth_group`
--

LOCK TABLES `auth_group` WRITE;
/*!40000 ALTER TABLE `auth_group` DISABLE KEYS */;
INSERT INTO `auth_group` VALUES (1,'user_1','Group uniquely assigned to user 1'),(2,'user_2','Group uniquely assigned to user 2'),(3,'user_3','Group uniquely assigned to user 3');
/*!40000 ALTER TABLE `auth_group` ENABLE KEYS */;
UNLOCK TABLES;

--
-- Table structure for table `auth_membership`
--

DROP TABLE IF EXISTS `auth_membership`;
/*!40101 SET @saved_cs_client     = @@character_set_client */;
/*!40101 SET character_set_client = utf8 */;
CREATE TABLE `auth_membership` (
  `id` int(11) NOT NULL AUTO_INCREMENT,
  `user_id` int(11) DEFAULT NULL,
  `group_id` int(11) DEFAULT NULL,
  PRIMARY KEY (`id`),
  KEY `user_id__idx` (`user_id`),
  KEY `group_id__idx` (`group_id`),
  CONSTRAINT `auth_membership_ibfk_1` FOREIGN KEY (`user_id`) REFERENCES `auth_user` (`id`) ON DELETE CASCADE,
  CONSTRAINT `auth_membership_ibfk_2` FOREIGN KEY (`group_id`) REFERENCES `auth_group` (`id`) ON DELETE CASCADE
) ENGINE=InnoDB AUTO_INCREMENT=4 DEFAULT CHARSET=utf8;
/*!40101 SET character_set_client = @saved_cs_client */;

--
-- Dumping data for table `auth_membership`
--

LOCK TABLES `auth_membership` WRITE;
/*!40000 ALTER TABLE `auth_membership` DISABLE KEYS */;
INSERT INTO `auth_membership` VALUES (1,1,1),(2,2,2),(3,3,3);
/*!40000 ALTER TABLE `auth_membership` ENABLE KEYS */;
UNLOCK TABLES;

--
-- Table structure for table `auth_permission`
--

DROP TABLE IF EXISTS `auth_permission`;
/*!40101 SET @saved_cs_client     = @@character_set_client */;
/*!40101 SET character_set_client = utf8 */;
CREATE TABLE `auth_permission` (
  `id` int(11) NOT NULL AUTO_INCREMENT,
  `group_id` int(11) DEFAULT NULL,
  `name` varchar(512) DEFAULT NULL,
  `table_name` varchar(512) DEFAULT NULL,
  `record_id` int(11) DEFAULT NULL,
  PRIMARY KEY (`id`),
  KEY `group_id__idx` (`group_id`),
  CONSTRAINT `auth_permission_ibfk_1` FOREIGN KEY (`group_id`) REFERENCES `auth_group` (`id`) ON DELETE CASCADE
) ENGINE=InnoDB DEFAULT CHARSET=utf8;
/*!40101 SET character_set_client = @saved_cs_client */;

--
-- Dumping data for table `auth_permission`
--

LOCK TABLES `auth_permission` WRITE;
/*!40000 ALTER TABLE `auth_permission` DISABLE KEYS */;
/*!40000 ALTER TABLE `auth_permission` ENABLE KEYS */;
UNLOCK TABLES;

--
-- Table structure for table `auth_user`
--

DROP TABLE IF EXISTS `auth_user`;
/*!40101 SET @saved_cs_client     = @@character_set_client */;
/*!40101 SET character_set_client = utf8 */;
CREATE TABLE `auth_user` (
  `id` int(11) NOT NULL AUTO_INCREMENT,
  `first_name` varchar(128) DEFAULT NULL,
  `last_name` varchar(128) DEFAULT NULL,
  `email` varchar(512) DEFAULT NULL,
  `password` varchar(512) DEFAULT NULL,
  `registration_key` varchar(512) DEFAULT NULL,
  `reset_password_key` varchar(512) DEFAULT NULL,
  `registration_id` varchar(512) DEFAULT NULL,
  PRIMARY KEY (`id`)
) ENGINE=InnoDB AUTO_INCREMENT=4 DEFAULT CHARSET=utf8;
/*!40101 SET character_set_client = @saved_cs_client */;

--
-- Dumping data for table `auth_user`
--

LOCK TABLES `auth_user` WRITE;
/*!40000 ALTER TABLE `auth_user` DISABLE KEYS */;
INSERT INTO `auth_user` VALUES (1,'Mr','Russell','dave@jazzthecat.co.uk','pbkdf2(1000,20,sha512)$801e7a811b42997c$5c68fdfee304828277806b6e5356214262bb0a6d','','1544973207-edde1533-a287-4934-bd2d-786a57223bd0',''),(2,'jack','mason','jackmason@silcoates.org.uk','pbkdf2(1000,20,sha512)$8e449be1ec957ed0$b8d0cfe81c572cacf719bb2cff6c7a45adbd96ce','pending','',''),(3,'Gavin','Gray','gavin.gray@medina.iow.sch.uk','pbkdf2(1000,20,sha512)$bbafcbd109de920b$38c5476dbaf8ec8a23ff858111e28d2eb7132d11','pending','','');
/*!40000 ALTER TABLE `auth_user` ENABLE KEYS */;
UNLOCK TABLES;

--
-- Table structure for table `sow_content`
--

DROP TABLE IF EXISTS `sow_content`;
/*!40101 SET @saved_cs_client     = @@character_set_client */;
/*!40101 SET character_set_client = utf8 */;
CREATE TABLE `sow_content` (
  `id` int(11) NOT NULL AUTO_INCREMENT,
  `description` varchar(500) NOT NULL,
  `letter` char(1) NOT NULL,
  `key_stage_id` int(11) NOT NULL DEFAULT '4',
  `created` datetime NOT NULL DEFAULT '0000-00-00 00:00:00',
  `created_by` int(10) unsigned NOT NULL DEFAULT '0',
  `published` tinyint(4) NOT NULL DEFAULT '1',
  PRIMARY KEY (`id`),
  KEY `fk_sow_content_key_stage` (`key_stage_id`),
  CONSTRAINT `fk_sow_content_key_stage` FOREIGN KEY (`key_stage_id`) REFERENCES `sow_key_stage` (`id`)
) ENGINE=InnoDB AUTO_INCREMENT=51 DEFAULT CHARSET=utf8;
/*!40101 SET character_set_client = @saved_cs_client */;

--
-- Dumping data for table `sow_content`
--

LOCK TABLES `sow_content` WRITE;
/*!40000 ALTER TABLE `sow_content` DISABLE KEYS */;
INSERT INTO `sow_content` VALUES (1,'standard algorithms, including binary search and merge sort','A',4,'0000-00-00 00:00:00',0,1),(2,'following and writing algorithms to solve problems, including sequence, selection and iteration, and input, processing and output','B',4,'0000-00-00 00:00:00',0,1),(3,'how particular programs and algorithms work','C',4,'0000-00-00 00:00:00',0,1),(4,'the concept of data type, including integer, Boolean, real, character and string and data structures, including records and one- and two-dimensional arrays','D',4,'0000-00-00 00:00:00',0,1),(5,'representation of numbers in binary and hexadecimal; conversion between these and decimal; binary addition and shifts','E',4,'0000-00-00 00:00:00',0,1),(6,'representation of text, sound, and graphics inside computers','F',4,'0000-00-00 00:00:00',0,1),(7,'boolean logic using AND, OR and NOT, combination of these, and the application of logical operators','G',4,'0000-00-00 00:00:00',0,1),(8,'the purpose and functionality of systems software, including the operating system and utility software','H',4,'0000-00-00 00:00:00',0,1),(9,'characteristics of systems architectures: CPU architecture, including Von Neumann and the role of components','I',4,'0000-00-00 00:00:00',0,1),(10,'characteristics of systems architectures: main and contemporary secondary storage and ways of storing data on devices including magnetic, optical and solid state','J',4,'0000-00-00 00:00:00',0,1),(11,'characteristics of systems architectures: data capacity and calculation of data capacity requirements','K',4,'0000-00-00 00:00:00',0,1),(12,'networks and the importance of: connectivity, both wired and wireless; types of networks; common network topologies; network security; protocols; layers','L',4,'0000-00-00 00:00:00',0,1),(13,'cyber security: forms of attack; methods of identifying vulnerabilities; way to protect software systems','M',4,'0000-00-00 00:00:00',0,1),(14,'the ethical, legal and environmental impacts of digital technology on wider society, including issues of privacy and cyber security','N',4,'0000-00-00 00:00:00',0,1),(15,'characteristics and purpose of different levels of programming language, including lowlevel language','O',4,'0000-00-00 00:00:00',0,1),(17,'use a keyboard and mouse effectively','A',2,'0000-00-00 00:00:00',0,1),(19,'fundamentals of programming','A',5,'0000-00-00 00:00:00',0,1),(20,'the concept of data type, including primitive data types and complex data structures','B',5,'0000-00-00 00:00:00',0,1),(21,'data representation','C',5,'0000-00-00 00:00:00',0,1),(22,'following and writing algorithms','D',5,'0000-00-00 00:00:00',0,1),(23,'methods of capturing, selecting, exchanging and managing data to produce information for a particular purpose ','E',5,'0000-00-00 00:00:00',0,1),(24,'the need for and functions of systems software ','F',5,'0000-00-00 00:00:00',0,1),(25,'characteristics of contemporary systems architectures, including processors, storage, input, output and their connectivity','G',5,'0000-00-00 00:00:00',0,1),(26,'characteristics of networks and the importance of networking protocols and standards','H',5,'0000-00-00 00:00:00',0,1),(27,'the individual moral, social ethical, legal and cultural opportunities and risks of digital technology','I',5,'0000-00-00 00:00:00',0,1),(29,'understand what algorithms are, how they are implemented as programs on digital devices, and that programs execute by following precise and unambiguous instructions','A',1,'0000-00-00 00:00:00',0,1),(30,'create and debug simple programs','B',1,'0000-00-00 00:00:00',0,1),(31,'use logical reasoning to predict the behaviour of simple programs','C',1,'0000-00-00 00:00:00',0,1),(32,'use technology purposefully to create, organise, store, manipulate and retrieve digital content','D',1,'0000-00-00 00:00:00',0,1),(33,'recognise common uses of information technology beyond school','E',1,'0000-00-00 00:00:00',0,1),(34,'use technology safely and respectfully, keeping personal information private; identify where to go for help and support when they have concerns about content or contact on the internet or other online technologies','F',1,'0000-00-00 00:00:00',0,1),(35,'design, write and debug programs that accomplish specific goals, including controlling or simulating physical systems; solve problems by decomposing them into smaller parts','A',2,'0000-00-00 00:00:00',0,1),(36,'use sequence, selection, and repetition in programs; work with variables and various forms of input and output','B',2,'0000-00-00 00:00:00',0,1),(37,'use logical reasoning to explain how some simple algorithms work and to detect and correct errors in algorithms and programs','C',2,'0000-00-00 00:00:00',0,1),(38,'understand computer networks, including the internet; how they can provide multiple services, such as the World Wide Web, and the opportunities they offer for communication and collaboration','D',2,'0000-00-00 00:00:00',0,1),(39,'use search technologies effectively, appreciate how results are selected and ranked, and be discerning in evaluating digital content','E',2,'0000-00-00 00:00:00',0,1),(40,'select, use and combine a variety of software (including internet services) on a range of digital devices to design and create a range of programs, systems and content that accomplish given goals, including collecting, analysing, evaluating and presenting data and information','F',2,'0000-00-00 00:00:00',0,1),(41,'use technology safely, respectfully and responsibly; recognise acceptable/unacceptable behaviour; identify a range of ways to report concerns about content and contact','G',2,'0000-00-00 00:00:00',0,1),(42,'design, use and evaluate computational abstractions that model the state and behaviour of real-world problems and physical systems','A',3,'0000-00-00 00:00:00',0,1),(43,'understand several key algorithms that reflect computational thinking [for example, ones for sorting and searching]; use logical reasoning to compare the utility of alternative algorithms for the same problem','B',3,'0000-00-00 00:00:00',0,1),(44,'use 2 or more programming languages, at least one of which is textual, to solve a variety of computational problems; make appropriate use of data structures [for example, lists, tables or arrays]; design and develop modular programs that use procedures or functions','C',3,'0000-00-00 00:00:00',0,1),(45,'understand simple Boolean logic [for example, AND, OR and NOT] and some of its uses in circuits and programming; understand how numbers can be represented in binary, and be able to carry out simple operations on binary numbers [for example, binary addition, and conversion between binary and decimal]','D',3,'0000-00-00 00:00:00',0,1),(46,'understand the hardware and software components that make up computer systems, and how they communicate with one another and with other systems','E',3,'0000-00-00 00:00:00',0,1),(47,'understand how instructions are stored and executed within a computer system; understand how data of various types (including text, sounds and pictures) can be represented and manipulated digitally, in the form of binary digits','F',3,'0000-00-00 00:00:00',0,1),(48,'undertake creative projects that involve selecting, using, and combining multiple applications, preferably across a range of devices, to achieve challenging goals, including collecting and analysing data and meeting the needs of known users','G',3,'0000-00-00 00:00:00',0,1),(49,'create, reuse, revise and repurpose digital artefacts for a given audience, with attention to trustworthiness, design and usability','H',3,'0000-00-00 00:00:00',0,1),(50,'understand a range of ways to use technology safely, respectfully, responsibly and securely, including protecting their online identity and privacy; recognise inappropriate content, contact and conduct, and know how to report concerns','I',3,'0000-00-00 00:00:00',0,1);
/*!40000 ALTER TABLE `sow_content` ENABLE KEYS */;
UNLOCK TABLES;

--
-- Table structure for table `sow_cs_concept`
--

DROP TABLE IF EXISTS `sow_cs_concept`;
/*!40101 SET @saved_cs_client     = @@character_set_client */;
/*!40101 SET character_set_client = utf8 */;
CREATE TABLE `sow_cs_concept` (
  `id` int(11) NOT NULL AUTO_INCREMENT,
  `name` varchar(20) NOT NULL,
  `abbr` char(2) NOT NULL,
  `created` datetime NOT NULL DEFAULT '0000-00-00 00:00:00',
  `created_by` int(10) unsigned NOT NULL DEFAULT '0',
  `published` tinyint(4) NOT NULL DEFAULT '1',
  PRIMARY KEY (`id`)
) ENGINE=InnoDB AUTO_INCREMENT=6 DEFAULT CHARSET=utf8;
/*!40101 SET character_set_client = @saved_cs_client */;

--
-- Dumping data for table `sow_cs_concept`
--

LOCK TABLES `sow_cs_concept` WRITE;
/*!40000 ALTER TABLE `sow_cs_concept` DISABLE KEYS */;
INSERT INTO `sow_cs_concept` VALUES (1,'Abstraction','AB','0000-00-00 00:00:00',0,1),(2,'Decomposition','DE','0000-00-00 00:00:00',0,1),(3,'Algorithmic Thinking','AL','0000-00-00 00:00:00',0,1),(4,'Evaluation','EV','0000-00-00 00:00:00',0,1),(5,'Generalisation','GE','0000-00-00 00:00:00',0,1);
/*!40000 ALTER TABLE `sow_cs_concept` ENABLE KEYS */;
UNLOCK TABLES;

--
-- Table structure for table `sow_exam_board`
--

DROP TABLE IF EXISTS `sow_exam_board`;
/*!40101 SET @saved_cs_client     = @@character_set_client */;
/*!40101 SET character_set_client = utf8 */;
CREATE TABLE `sow_exam_board` (
  `id` int(11) NOT NULL AUTO_INCREMENT,
  `name` varchar(15) NOT NULL,
  `created` datetime NOT NULL DEFAULT '0000-00-00 00:00:00',
  `created_by` int(10) unsigned NOT NULL DEFAULT '0',
  `published` tinyint(4) NOT NULL DEFAULT '1',
  PRIMARY KEY (`id`)
) ENGINE=InnoDB AUTO_INCREMENT=6 DEFAULT CHARSET=utf8;
/*!40101 SET character_set_client = @saved_cs_client */;

--
-- Dumping data for table `sow_exam_board`
--

LOCK TABLES `sow_exam_board` WRITE;
/*!40000 ALTER TABLE `sow_exam_board` DISABLE KEYS */;
INSERT INTO `sow_exam_board` VALUES (1,'AQA','0000-00-00 00:00:00',0,1),(2,'Edexcel','0000-00-00 00:00:00',0,1),(3,'OCR','0000-00-00 00:00:00',0,1),(4,'WJEC','0000-00-00 00:00:00',0,1);
/*!40000 ALTER TABLE `sow_exam_board` ENABLE KEYS */;
UNLOCK TABLES;

--
-- Table structure for table `sow_key_stage`
--

DROP TABLE IF EXISTS `sow_key_stage`;
/*!40101 SET @saved_cs_client     = @@character_set_client */;
/*!40101 SET character_set_client = utf8 */;
CREATE TABLE `sow_key_stage` (
  `id` int(11) NOT NULL AUTO_INCREMENT,
  `name` varchar(3) NOT NULL,
  `created` datetime NOT NULL DEFAULT '0000-00-00 00:00:00',
  `created_by` int(10) unsigned NOT NULL DEFAULT '0',
  `published` tinyint(4) NOT NULL DEFAULT '1',
  PRIMARY KEY (`id`)
) ENGINE=InnoDB AUTO_INCREMENT=6 DEFAULT CHARSET=utf8;
/*!40101 SET character_set_client = @saved_cs_client */;

--
-- Dumping data for table `sow_key_stage`
--

LOCK TABLES `sow_key_stage` WRITE;
/*!40000 ALTER TABLE `sow_key_stage` DISABLE KEYS */;
INSERT INTO `sow_key_stage` VALUES (1,'KS1','0000-00-00 00:00:00',0,1),(2,'KS2','0000-00-00 00:00:00',0,1),(3,'KS3','0000-00-00 00:00:00',0,1),(4,'KS4','0000-00-00 00:00:00',0,1),(5,'KS5','0000-00-00 00:00:00',0,1);
/*!40000 ALTER TABLE `sow_key_stage` ENABLE KEYS */;
UNLOCK TABLES;

--
-- Table structure for table `sow_key_word`
--

DROP TABLE IF EXISTS `sow_key_word`;
/*!40101 SET @saved_cs_client     = @@character_set_client */;
/*!40101 SET character_set_client = utf8 */;
CREATE TABLE `sow_key_word` (
  `id` int(11) NOT NULL AUTO_INCREMENT,
  `name` varchar(100) NOT NULL,
  `definition` text,
  `created` datetime NOT NULL DEFAULT '0000-00-00 00:00:00',
  `created_by` int(10) unsigned NOT NULL DEFAULT '0',
  `published` tinyint(4) NOT NULL DEFAULT '1',
  PRIMARY KEY (`id`)
) ENGINE=InnoDB AUTO_INCREMENT=486 DEFAULT CHARSET=utf8;
/*!40101 SET character_set_client = @saved_cs_client */;

--
-- Dumping data for table `sow_key_word`
--

LOCK TABLES `sow_key_word` WRITE;
/*!40000 ALTER TABLE `sow_key_word` DISABLE KEYS */;
INSERT INTO `sow_key_word` VALUES (0,'Memory Data Register (MDR)',NULL,'0000-00-00 00:00:00',0,1),(1,'Algorithm','Step-by-step instructions designed to carry out a task or solve a problem.','0000-00-00 00:00:00',0,1),(2,'Flow chart','A diagram representing an activity using symbols. The four basic symbols are start/stop, input/output, action and decision.','0000-00-00 00:00:00',0,1),(3,'Pseudocode',NULL,'0000-00-00 00:00:00',0,1),(7,'Registers','Components inside the CPU used to store information during the Fetch Decode Execute cycle.','0000-00-00 00:00:00',0,1),(9,'Arithemtic Logic Unit (ALU)','A component in the Central Processing Unit (CPU) used to carry out arithmetic and logical operations.','0000-00-00 00:00:00',0,1),(10,'Program Counter (PC)',NULL,'0000-00-00 00:00:00',0,1),(11,'Memory Address Register (MAR)',NULL,'0000-00-00 00:00:00',0,1),(13,'Accumulator (ACC)','A register in the CPU (Central Processing Unit) used to store the result of operations carried out by the ALU (Arithmetic Logic Unit).','0000-00-00 00:00:00',0,1),(14,'Address bus',NULL,'0000-00-00 00:00:00',0,1),(15,'Data bus',NULL,'0000-00-00 00:00:00',0,1),(16,'Control bus',NULL,'0000-00-00 00:00:00',0,1),(17,'Control Unit (CU)','A component in the CPU that controls the operations of the CPU.','0000-00-00 00:00:00',0,1),(19,'Fetch Decode Execute (FDE)',NULL,'0000-00-00 00:00:00',0,1),(20,'Decode unit',NULL,'0000-00-00 00:00:00',0,1),(21,'Operand',NULL,'0000-00-00 00:00:00',0,1),(22,'Opcode',NULL,'0000-00-00 00:00:00',0,1),(23,'Program branch',NULL,'0000-00-00 00:00:00',0,1),(24,'Hertz (hz)',NULL,'0000-00-00 00:00:00',0,1),(25,'Cycles per Second',NULL,'0000-00-00 00:00:00',0,1),(26,'Clock speed',NULL,'0000-00-00 00:00:00',0,1),(27,'Cache',NULL,'0000-00-00 00:00:00',0,1),(28,'Quad core',NULL,'0000-00-00 00:00:00',0,1),(29,'Pipelining',NULL,'0000-00-00 00:00:00',0,1),(32,'Central Processing Unit (CPU)','The brain of the computer, responsible for executing programs and carrying out arithmetic and logical operations.','0000-00-00 00:00:00',0,1),(33,'Multi-core',NULL,'0000-00-00 00:00:00',0,1),(34,'Von neumann architecture',NULL,'0000-00-00 00:00:00',0,1),(36,'Distributed computing',NULL,'0000-00-00 00:00:00',0,1),(37,'Parallel processing','Using multiple processors to perform tasks simultaneously.','0000-00-00 00:00:00',0,1),(38,'Complex Instruction Set Computing (CISC)',NULL,'0000-00-00 00:00:00',0,1),(39,'Reduced Instruction Set Computing (RISC)',NULL,'0000-00-00 00:00:00',0,1),(41,'Graphical Processing Unit (GPU)',NULL,'0000-00-00 00:00:00',0,1),(42,'Chip MultiProcessor (CMP)',NULL,'0000-00-00 00:00:00',0,1),(43,'Input device',NULL,'0000-00-00 00:00:00',0,1),(44,'Output device',NULL,'0000-00-00 00:00:00',0,1),(45,'Storage device','','0000-00-00 00:00:00',0,1),(46,'Magnetic storage',NULL,'0000-00-00 00:00:00',0,1),(47,'Flash storage',NULL,'0000-00-00 00:00:00',0,1),(48,'Optical storage',NULL,'0000-00-00 00:00:00',0,1),(49,'System bus','','0000-00-00 00:00:00',0,1),(50,'System clock',NULL,'0000-00-00 00:00:00',0,1),(51,'Co-processor',NULL,'0000-00-00 00:00:00',0,1),(52,'Actuator',NULL,'0000-00-00 00:00:00',0,1),(53,'LCD monitor',NULL,'0000-00-00 00:00:00',0,1),(54,'LED screen',NULL,'0000-00-00 00:00:00',0,1),(55,'Laser printer',NULL,'0000-00-00 00:00:00',0,1),(56,'Inkjet printer',NULL,'0000-00-00 00:00:00',0,1),(58,'Speaker','','0000-00-00 00:00:00',0,1),(59,'Barcode reader',NULL,'0000-00-00 00:00:00',0,1),(60,'Pen reader',NULL,'0000-00-00 00:00:00',0,1),(61,'Laser scanner',NULL,'0000-00-00 00:00:00',0,1),(62,'Camera-based reader',NULL,'0000-00-00 00:00:00',0,1),(63,'Digital camera',NULL,'0000-00-00 00:00:00',0,1),(64,'Radio Frequency Identification (RFID)',NULL,'0000-00-00 00:00:00',0,1),(65,'Active tag',NULL,'0000-00-00 00:00:00',0,1),(66,'Hard disk',NULL,'0000-00-00 00:00:00',0,1),(67,'Solid-state disk','','0000-00-00 00:00:00',0,1),(68,'Paging','Fixed sized blocks of non-contiguous memory.','0000-00-00 00:00:00',0,1),(69,'Segmentation','Varied sized logical divisions of address space.','0000-00-00 00:00:00',0,1),(70,'Virtual memory',NULL,'0000-00-00 00:00:00',0,1),(71,'Interrupts',NULL,'0000-00-00 00:00:00',0,1),(72,'Processor scheduling',NULL,'0000-00-00 00:00:00',0,1),(73,'Linked list','A list that stores items that a linked using a pointer','0000-00-00 00:00:00',0,1),(75,'Pointer','A reference to an item in a list','0000-00-00 00:00:00',0,1),(76,'Program cache',NULL,'0000-00-00 00:00:00',0,1),(77,'Job queue',NULL,'0000-00-00 00:00:00',0,1),(78,'Hash table','A list that uses a hashing algorithm to quickly access data in the list.','0000-00-00 00:00:00',0,1),(79,'Graph',NULL,'0000-00-00 00:00:00',0,1),(80,'Navigation systems',NULL,'0000-00-00 00:00:00',0,1),(81,'Data transmission',NULL,'0000-00-00 00:00:00',0,1),(82,'Social media trends','','0000-00-00 00:00:00',0,1),(83,'Vertex',NULL,'0000-00-00 00:00:00',0,1),(84,'Edge',NULL,'0000-00-00 00:00:00',0,1),(85,'Undirected graph',NULL,'0000-00-00 00:00:00',0,1),(86,'Directed graph','A set of connected vertices and edges which point in one direction.','0000-00-00 00:00:00',0,1),(87,'Weighted graph',NULL,'0000-00-00 00:00:00',0,1),(88,'Adjacency matrix',NULL,'0000-00-00 00:00:00',0,1),(89,'Adjacency list',NULL,'0000-00-00 00:00:00',0,1),(91,'Current Instruction Register (CIR)',NULL,'0000-00-00 00:00:00',0,1),(92,'Random Access Memory (RAM)','When you launch a program, it is loaded into RAM (Random Access Memory) so that the CPU can accessed it quickly','0000-00-00 00:00:00',0,1),(93,'Read Only Memory (ROM)',NULL,'0000-00-00 00:00:00',0,1),(94,'Virtual memory',NULL,'0000-00-00 00:00:00',0,1),(95,'Dedicated system',NULL,'0000-00-00 00:00:00',0,1),(96,'General-purpose computer',NULL,'0000-00-00 00:00:00',0,1),(97,'Control system',NULL,'0000-00-00 00:00:00',0,1),(98,'Embedded system',NULL,'0000-00-00 00:00:00',0,1),(99,'Volatile memory',NULL,'0000-00-00 00:00:00',0,1),(101,'Byte',NULL,'0000-00-00 00:00:00',0,1),(102,'Kilobyte',NULL,'0000-00-00 00:00:00',0,1),(103,'Non-volatile memory','The data in memory is not lost when the power is switched off.','0000-00-00 00:00:00',0,1),(104,'Solid State Drive (SSD)','','0000-00-00 00:00:00',0,1),(105,'Capacity',NULL,'0000-00-00 00:00:00',0,1),(106,'Digital Versatile Disc (DVD)',NULL,'0000-00-00 00:00:00',0,1),(107,'Compact Disc (CD)',NULL,'0000-00-00 00:00:00',0,1),(108,'Local Area Network (LAN)','A connection of computers within a single building, such as a home or business, or group of buildings, such as a university campus.','0000-00-00 00:00:00',0,1),(109,'Wide Area Network (WAN)','A group of network computer covering a large geographical area such as many towns or cities. The internet is the largest wide area network. ','0000-00-00 00:00:00',0,1),(110,'Storage Area Network (SAN)','','0000-00-00 00:00:00',0,1),(111,'Virtual Private Network (VPN)',NULL,'0000-00-00 00:00:00',0,1),(113,'Unshielded Twisted Pair (UTP)',NULL,'0000-00-00 00:00:00',0,1),(115,'Peer-to-peer network',NULL,'0000-00-00 00:00:00',0,1),(116,'Network','Computers connected together by a wired network or  wireless network.','0000-00-00 00:00:00',0,1),(120,'While loop',NULL,'0000-00-00 00:00:00',0,1),(121,'Until loop',NULL,'0000-00-00 00:00:00',0,1),(124,'Conditional',NULL,'0000-00-00 00:00:00',0,1),(125,'Input Process Output (IPO)','An abstract view of a system that accepts inputs and produces outputs. To design a computer program you must identify the different inputs and outputs.','0000-00-00 00:00:00',0,1),(126,'Data Structure','A part of a program such as an array or list (declared as a single identifier) that stores related data.','0000-00-00 00:00:00',0,1),(127,'Array','A special data type used to store multiple items of the same data type using a single identifier. Unlike a list, which is a dynamic data structure, an array is a fixed size and cannot be appended.','0000-00-00 00:00:00',0,1),(128,'NOT expression',NULL,'0000-00-00 00:00:00',0,1),(129,'Two-dimensional array','An array of arrays. Each array within the array is a row of data, representing a table or grid.','0000-00-00 00:00:00',0,1),(130,'Records','A special data type, often known as a tuple, with different attributes or field names.','0000-00-00 00:00:00',0,1),(131,'Structured Query Language (SQL)','A language used to query databases. Includes commands such as SELECT, INSERT, UPDATE and DELETE for accessing and modifying the underlying data structures or tables in the database.','0000-00-00 00:00:00',0,1),(132,'Typecast',NULL,'0000-00-00 00:00:00',0,1),(133,'Declaration',NULL,'0000-00-00 00:00:00',0,1),(134,'Data type',NULL,'0000-00-00 00:00:00',0,1),(135,'Integer',NULL,'0000-00-00 00:00:00',0,1),(136,'Float',NULL,'0000-00-00 00:00:00',0,1),(137,'Boolean',NULL,'0000-00-00 00:00:00',0,1),(138,'String','','0000-00-00 00:00:00',0,1),(139,'Character','A single representation of a character (letter, number or symbol).','0000-00-00 00:00:00',0,1),(140,'Operator',NULL,'0000-00-00 00:00:00',0,1),(141,'File size',NULL,'0000-00-00 00:00:00',0,1),(142,'Debugging',NULL,'0000-00-00 00:00:00',0,1),(143,'Logical error',NULL,'0000-00-00 00:00:00',0,1),(144,'Syntax error','','0000-00-00 00:00:00',0,1),(145,'Iterative testing',NULL,'0000-00-00 00:00:00',0,1),(146,'UTP',NULL,'0000-00-00 00:00:00',0,1),(148,'Invalid',NULL,'0000-00-00 00:00:00',0,1),(149,'User Acceptance Testing (UAT)',NULL,'0000-00-00 00:00:00',0,1),(150,'Functional testing',NULL,'0000-00-00 00:00:00',0,1),(152,'White box testing',NULL,'0000-00-00 00:00:00',0,1),(154,'Invalid extreme',NULL,'0000-00-00 00:00:00',0,1),(155,'Erroneous',NULL,'0000-00-00 00:00:00',0,1),(156,'Indents',NULL,'0000-00-00 00:00:00',0,1),(157,'Comments',NULL,'0000-00-00 00:00:00',0,1),(158,'Identifier names','A name or label that is given to a variable, constants or subroutine.','0000-00-00 00:00:00',0,1),(159,'Fault tolerance',NULL,'0000-00-00 00:00:00',0,1),(161,'Parametric testing',NULL,'0000-00-00 00:00:00',0,1),(162,'Regression testing',NULL,'0000-00-00 00:00:00',0,1),(164,'Testing',NULL,'0000-00-00 00:00:00',0,1),(165,'Logs',NULL,'0000-00-00 00:00:00',0,1),(166,'Change logs',NULL,'0000-00-00 00:00:00',0,1),(167,'Structure','','0000-00-00 00:00:00',0,1),(168,'Data types',NULL,'0000-00-00 00:00:00',0,1),(169,'Divide by zero',NULL,'0000-00-00 00:00:00',0,1),(170,'Incomplete programs',NULL,'0000-00-00 00:00:00',0,1),(171,'Unexpected outputs',NULL,'0000-00-00 00:00:00',0,1),(172,'Program crashes',NULL,'0000-00-00 00:00:00',0,1),(173,'Stack overflow','An error condition that occurs when the maximum number of items have been added to a stack and an attempt is made to push another item onto the stack.','0000-00-00 00:00:00',0,1),(174,'Overflow',NULL,'0000-00-00 00:00:00',0,1),(175,'Usability',NULL,'0000-00-00 00:00:00',0,1),(176,'Authentication',NULL,'0000-00-00 00:00:00',0,1),(177,'Translator',NULL,'0000-00-00 00:00:00',0,1),(178,'Opcode',NULL,'0000-00-00 00:00:00',0,1),(179,'Machine code',NULL,'0000-00-00 00:00:00',0,1),(180,'Instruction set','An ordered set of commands given to a carry out a task or solve a problem.','0000-00-00 00:00:00',0,1),(181,'Low-level programming',NULL,'0000-00-00 00:00:00',0,1),(183,'Constant',NULL,'0000-00-00 00:00:00',0,1),(184,'Dynamic Link Libraries (DLL)',NULL,'0000-00-00 00:00:00',0,1),(185,'Static libraries','','0000-00-00 00:00:00',0,1),(189,'Fibre-optic',NULL,'0000-00-00 00:00:00',0,1),(190,'Wireless',NULL,'0000-00-00 00:00:00',0,1),(192,'Wireless access point',NULL,'0000-00-00 00:00:00',0,1),(193,'Router','','0000-00-00 00:00:00',0,1),(195,'Switch','A central network device for connecting other devices together on a LAN. A switch stores the location of each device in a routing table and sends any messages it recieves directly to that particular device.','0000-00-00 00:00:00',0,1),(196,'Network Interface Card (NIC)','Hardware that allows a network device to connect to the network.','0000-00-00 00:00:00',0,1),(197,'Firewall',NULL,'0000-00-00 00:00:00',0,1),(198,'Wifi',NULL,'0000-00-00 00:00:00',0,1),(199,'Simplex','','0000-00-00 00:00:00',0,1),(200,'Duplex',NULL,'0000-00-00 00:00:00',0,1),(201,'Full duplex',NULL,'0000-00-00 00:00:00',0,1),(202,'Ethernet',NULL,'0000-00-00 00:00:00',0,1),(203,'Binary search','A search algorithm that successively splits an ordered list in half until the item is found.','0000-00-00 00:00:00',0,1),(204,'Binary tree','A rooted tree (data structure) that has one or two child nodes.','0000-00-00 00:00:00',0,1),(205,'Node',NULL,'0000-00-00 00:00:00',0,1),(206,'Traversal','A routine for searching data structures such as a rooted tree.','0000-00-00 00:00:00',0,1),(207,'Root node','','0000-00-00 00:00:00',0,1),(208,'Child node',NULL,'0000-00-00 00:00:00',0,1),(209,'Parent node',NULL,'0000-00-00 00:00:00',0,1),(210,'Subtree','','0000-00-00 00:00:00',0,1),(212,'Rooted tree','A data structure that has a root and branches.','0000-00-00 00:00:00',0,1),(216,'Recursive','A subroutine that calls itself.','0000-00-00 00:00:00',0,1),(217,'One-dimensional array','An array with items stored as a single row.','0000-00-00 00:00:00',0,1),(219,'Logic gate',NULL,'0000-00-00 00:00:00',0,1),(220,'Truth table',NULL,'0000-00-00 00:00:00',0,1),(221,'Boolean logic',NULL,'0000-00-00 00:00:00',0,1),(222,'Comparison operator',NULL,'0000-00-00 00:00:00',0,1),(223,'Arithmetic operator',NULL,'0000-00-00 00:00:00',0,1),(224,'Construct',NULL,'0000-00-00 00:00:00',0,1),(225,'Binary logic',NULL,'0000-00-00 00:00:00',0,1),(226,'Voltage',NULL,'0000-00-00 00:00:00',0,1),(227,'Semiconductor','','0000-00-00 00:00:00',0,1),(228,'NOT',NULL,'0000-00-00 00:00:00',0,1),(229,'AND',NULL,'0000-00-00 00:00:00',0,1),(232,'De Morgans law',NULL,'0000-00-00 00:00:00',0,1),(233,'Law of distribution',NULL,'0000-00-00 00:00:00',0,1),(234,'Law of association',NULL,'0000-00-00 00:00:00',0,1),(235,'Law of commutation',NULL,'0000-00-00 00:00:00',0,1),(236,'Law of double negation',NULL,'0000-00-00 00:00:00',0,1),(237,'Law of absorption',NULL,'0000-00-00 00:00:00',0,1),(238,'AND expression',NULL,'0000-00-00 00:00:00',0,1),(239,'OR expression',NULL,'0000-00-00 00:00:00',0,1),(240,'NOT expression',NULL,'0000-00-00 00:00:00',0,1),(241,'XOR expression',NULL,'0000-00-00 00:00:00',0,1),(242,'General rules of boolean algebra',NULL,'0000-00-00 00:00:00',0,1),(243,'Karnaugh map',NULL,'0000-00-00 00:00:00',0,1),(244,'Full adder',NULL,'0000-00-00 00:00:00',0,1),(245,'Half adder',NULL,'0000-00-00 00:00:00',0,1),(246,'Circuits',NULL,'0000-00-00 00:00:00',0,1),(249,'Logic circuit',NULL,'0000-00-00 00:00:00',0,1),(250,'D-type flip flop',NULL,'0000-00-00 00:00:00',0,1),(251,'Clock',NULL,'0000-00-00 00:00:00',0,1),(252,'Oscillator',NULL,'0000-00-00 00:00:00',0,1),(255,'Memory',NULL,'0000-00-00 00:00:00',0,1),(256,'Interrupt code',NULL,'0000-00-00 00:00:00',0,1),(257,'Operating System (OS)',NULL,'0000-00-00 00:00:00',0,1),(258,'Binary',NULL,'0000-00-00 00:00:00',0,1),(259,'Overflow',NULL,'0000-00-00 00:00:00',0,1),(260,'Binary addition',NULL,'0000-00-00 00:00:00',0,1),(261,'Bit',NULL,'0000-00-00 00:00:00',0,1),(262,'Binary shift',NULL,'0000-00-00 00:00:00',0,1),(263,'Carry bit',NULL,'0000-00-00 00:00:00',0,1),(265,'Abstraction','Removing unnecessary detail.','0000-00-00 00:00:00',0,1),(266,'Decomposition','Breaking down a problem into smaller parts.','0000-00-00 00:00:00',0,1),(267,'Pattern recognition','Identifying how one problem can be used to or help to solve another problem.','0000-00-00 00:00:00',0,1),(269,'Sequential logic circuit','','0000-00-00 00:00:00',0,1),(271,'Cascading Style Sheets (CSS)',NULL,'0000-00-00 00:00:00',0,1),(272,'HTML tags','The parts of an HTML page read by the web browser to layout or format content in the web broswer. These are not visible to the user.','0000-00-00 00:00:00',0,1),(273,'HTML classes',NULL,'0000-00-00 00:00:00',0,1),(274,'HTML identifiers','A unique value given to an HTML tag.','0000-00-00 00:00:00',0,1),(275,'Form controls','User entry controls (e.g. text, dropdown, checkboxes).','0000-00-00 00:00:00',0,1),(276,'Web forms',NULL,'0000-00-00 00:00:00',0,1),(277,'Javascript','An interpreted language used by web sites to that adds interactive features and functionality to the web pages.','0000-00-00 00:00:00',0,1),(278,'Embedded CSS',NULL,'0000-00-00 00:00:00',0,1),(279,'Inline CSS',NULL,'0000-00-00 00:00:00',0,1),(282,'Iteration','A repeated instruction or set of instructions.','0000-00-00 00:00:00',0,1),(283,'Efficiency','How quickly or effectively an algorithm can carry out a task.','0000-00-00 00:00:00',0,1),(284,'Repeat',NULL,'0000-00-00 00:00:00',0,1),(285,'Command','An instruction for a program to carry out a task.','0000-00-00 00:00:00',0,1),(286,'Instructions','An ordered set of commands given to a carry out a task or solve a problem.','0000-00-00 00:00:00',0,1),(287,'Repetition','A set of instructions that are carried out over and over again.','0000-00-00 00:00:00',0,1),(288,'External CSS',NULL,'0000-00-00 00:00:00',0,1),(289,'Pixel',NULL,'0000-00-00 00:00:00',0,1),(291,'Colour depth',NULL,'0000-00-00 00:00:00',0,1),(292,'Resolution','The quality measurement of an image or screen.','0000-00-00 00:00:00',0,1),(293,'Metadata','Data used to describe data.','0000-00-00 00:00:00',0,1),(294,'Pixels Per Inch (PPI)',NULL,'0000-00-00 00:00:00',0,1),(295,'Dots Per Inch (DPI)',NULL,'0000-00-00 00:00:00',0,1),(296,'Megabytes',NULL,'0000-00-00 00:00:00',0,1),(298,'Analogue',NULL,'0000-00-00 00:00:00',0,1),(299,'Bit depth',NULL,'0000-00-00 00:00:00',0,1),(300,'Bit rate',NULL,'0000-00-00 00:00:00',0,1),(301,'Sample rate','','0000-00-00 00:00:00',0,1),(302,'Kilohertz (khz)',NULL,'0000-00-00 00:00:00',0,1),(303,'Digital',NULL,'0000-00-00 00:00:00',0,1),(305,'Star topology','An arrangment of network computers that are connected to a central device (most often a switch or a hub).','0000-00-00 00:00:00',0,1),(306,'Bus topology','An arrangement of network components that connect to a single central cable, with a terminator at the end of the cable to prevent the signal bouncing back and forth.','0000-00-00 00:00:00',0,1),(307,'Ring topology','An arrangement of network computers in a circle. Each node recieves the message and passes the message onto the next node.','0000-00-00 00:00:00',0,1),(308,'Selection','Checking a condition has been met to determine the path through a program.','0000-00-00 00:00:00',0,1),(309,'Sprite','A 2D bitmap graphic often represented as a character in a game.','0000-00-00 00:00:00',0,1),(330,'System Clock',NULL,'0000-00-00 00:00:00',0,1),(335,'3D printer',NULL,'0000-00-00 00:00:00',0,1),(336,'Hyper Text Markup Language (HTML)','The language that is used to write web pages, consisting of content and structure (HTML tags).','0000-00-00 00:00:00',0,1),(340,'Packet Switching',NULL,'0000-00-00 00:00:00',0,1),(341,'Depth-first Traversal',NULL,'0000-00-00 00:00:00',0,1),(342,'Breadth-first Traversal','A method of searching tree or graph data structure by visiting the parent nodes before visiting the child nodes.','0000-00-00 00:00:00',0,1),(345,'Leaf Node',NULL,'0000-00-00 00:00:00',0,1),(349,'Pre-order Traversal',NULL,'0000-00-00 00:00:00',0,1),(350,'In-order Traversal',NULL,'0000-00-00 00:00:00',0,1),(351,'Post-order Traversal',NULL,'0000-00-00 00:00:00',0,1),(355,'Harvard architecture',NULL,'0000-00-00 00:00:00',0,1),(356,'parent Node',NULL,'0000-00-00 00:00:00',0,1),(357,'Wireless Network','Otherwise known as WiFi, a network that uses radio signals instead of wired connection.','0000-00-00 00:00:00',0,1),(358,'Client-server Network','A computer network with one or more servers providing services to workstation clients.','0000-00-00 00:00:00',0,1),(359,'IF statement','Checks whether a condition is met to determine whether a program should follow a line of exectution.','0000-00-00 00:00:00',0,1),(360,'Expression','Statements such as add, substract, multiply or divide','0000-00-00 00:00:00',0,1),(361,'Conditional','When a decision is made','0000-00-00 00:00:00',0,1),(362,'For loop',NULL,'0000-00-00 00:00:00',0,1),(363,'While loop',NULL,'0000-00-00 00:00:00',0,1),(364,'Until loop',NULL,'0000-00-00 00:00:00',0,1),(365,'Sequence','Instruction carried out one after another','0000-00-00 00:00:00',0,1),(373,'Valid extreme',NULL,'0000-00-00 00:00:00',0,1),(377,'Is valid',NULL,'0000-00-00 00:00:00',0,1),(378,'Final Testing',NULL,'0000-00-00 00:00:00',0,1),(380,'Parametric Testing',NULL,'0000-00-00 00:00:00',0,1),(381,'Regression Testing',NULL,'0000-00-00 00:00:00',0,1),(383,'Integration Testing',NULL,'0000-00-00 00:00:00',0,1),(385,'Black box Testing',NULL,'0000-00-00 00:00:00',0,1),(389,'Personal Area Network (PAN)',NULL,'0000-00-00 00:00:00',0,1),(390,'HTML form','A section of an HTML page, containing input controls (form controls) whose values are submitted to the web server.','0000-00-00 00:00:00',0,1),(392,'Compiler','A program that translates a high-level language into machine code.','0000-00-00 00:00:00',0,1),(393,'Object code','Compiled code specific to the computers type of processor.','0000-00-00 00:00:00',0,1),(394,'Validation','Routines that check for valid entry and prevent invalid entry being processed by the program.','0000-00-00 00:00:00',0,1),(395,'Function','A subroutine that returns a value as a result of input.','0000-00-00 00:00:00',0,1),(396,'Variable','A label in computer memory that represents an assigned value.','0000-00-00 00:00:00',0,1),(397,'Embedded javascript','Javascript code contained in an HTML page between <script> tags.','0000-00-00 00:00:00',0,1),(398,'External javascript','Javascript code contained in a file outside of the HTML page that can be executed from within the page.','0000-00-00 00:00:00',0,1),(401,'Web browser',NULL,'0000-00-00 00:00:00',0,1),(404,'Volatile Memory','The data in memory is lost when the power is switched off.','0000-00-00 00:00:00',0,1),(406,'Basic Input Output System (BIOS)','The program used to start a computer after you turn it on','0000-00-00 00:00:00',0,1),(409,'GigaBytes',NULL,'0000-00-00 00:00:00',0,1),(410,'Logo','A program invented by Seymour Papert','0000-00-00 00:00:00',0,1),(411,'Procedure','A subroutine that independently carries out a task (unlike a function it does not return a result).','0000-00-00 00:00:00',0,1),(412,'Hub','A central network device for connecting other devices together on a LAN. Unlike a switch a hub does not route data.','0000-00-00 00:00:00',0,1),(413,'Workstation','A single user computer.','0000-00-00 00:00:00',0,1),(414,'Network server','A network device providing dedicated services, such as file storage, email or web pages, to network clients (see client-server network).','0000-00-00 00:00:00',0,1),(415,'PageRank','','0000-00-00 00:00:00',0,1),(416,'Domain name','An area in which an internet resource resides. Typically, a web site containing a collection of web pages.','0000-00-00 00:00:00',0,1),(417,'Googles PageRank','An algorithm devised by Larry Page and Sergey Brin used to rank the importance of web pages.','0000-00-00 00:00:00',0,1),(418,'Interpreter','Translates source code one line at a time, rather than compiling the source code.','0000-00-00 00:00:00',0,1),(421,'Big data','Large sets of data that are difficult for traditional database systems to handle.','0000-00-00 00:00:00',0,1),(422,'Data mining','The process of searching through Big Data to find connections and trends.','0000-00-00 00:00:00',0,1),(423,'Back tracking','A technique whereby a decision is made to abandon a potential solution and fall back to a previously more successful solution.','0000-00-00 00:00:00',0,1),(425,'Performance modelling','The process of simulating loads on computational systems to give approximate results.','0000-00-00 00:00:00',0,1),(427,'Heuristic method','The method of thinking through an approximate solution to a problem.','0000-00-00 00:00:00',0,1),(428,'Divide and conquer','A problem-solving technique that reduces the size of a problem with each iteration.','0000-00-00 00:00:00',0,1),(429,'American Standard Code for Information Interchange (ASCII)','An agreed standard for representing characters.','0000-00-00 00:00:00',0,1),(430,'Unicode','A character set that provides a range of letter, numbers and symbols for different languages.','0000-00-00 00:00:00',0,1),(431,'Character set','A set of characters available to the computer or program.','0000-00-00 00:00:00',0,1),(432,'Parity check','A method for checking that the 0s and 1s in binary data have been received correctly. For example, at the end of the data, a bit is set to 0 if the number 1s is odd or 1 if the number of 1s is even.','0000-00-00 00:00:00',0,1),(435,'Bubble sort','A sorting algorithm that compares each item in a list to the next item and swaps them if they are not in order. It repeats this until no more swaps are made.','0000-00-00 00:00:00',0,1),(436,'Merge sort','An algorithm that breaks down a list into small lists then merges the smaller lists together until the items are in order in a single list.','0000-00-00 00:00:00',0,1),(437,'Insertion sort','A sorting algorithm that inserts the items from an unsorted list into a new sorted list.','0000-00-00 00:00:00',0,1),(438,'Linear search','A search algorithm that starts from the beginning of a list and checks each item in turn until the item is found.','0000-00-00 00:00:00',0,1),(439,'Count-controlled loop','Repeat the steps a set number of times.','0000-00-00 00:00:00',0,1),(440,'Condition-controlled loop','Repeat until a condition is met','0000-00-00 00:00:00',0,1),(441,'Computational Thinking','','0000-00-00 00:00:00',0,1),(442,'Subroutine','A block of code that can be called at another point in a program. Also called a Subprogram.','0000-00-00 00:00:00',0,1),(443,'Parameter','An argument that is passed into a subroutine that determines it\"s execution.','0000-00-00 00:00:00',0,1),(444,'Local variable','A variable that is defined within a subroutine and is only available to the subroutine.','0000-00-00 00:00:00',0,1),(445,'Global variable','A variable that is defined in the main program and can be accessed anywhere within the program.','0000-00-00 00:00:00',0,1),(446,'Computer Misuse Act','The attempt to gain unauthorised access into a computer system.','0000-00-00 00:00:00',0,1),(447,'Computer virus','Program code that copies itself between computers with the intent of causing damage to the system or stealing data.','0000-00-00 00:00:00',0,1),(448,'Malware','...or malicious software, is a program that is installed on a computer system with the intention of damaging the system or stealing information.','0000-00-00 00:00:00',0,1),(449,'Ransomware','Malicious software designed to prevent access to a computer system or data until a ransom is paid.','0000-00-00 00:00:00',0,1),(451,'InValid extreme','','0000-00-00 00:00:00',0,1),(452,'Functional Testing','','0000-00-00 00:00:00',0,1),(453,'Iterative Testing','','0000-00-00 00:00:00',0,1),(454,'Hacking','','0000-00-00 00:00:00',0,1),(455,'Phishing','Attempting to obtain personal information such as password and bank details using email or message that appear to be from people or organisation that you know.','0000-00-00 00:00:00',0,1),(456,'Privacy','','0000-00-00 00:00:00',0,1),(457,'Personal information','','0000-00-00 00:00:00',0,1),(459,'Internet bot','Software that is designed to automate activities over the Internet. They are used for malicious purposes such as carrying out DDOS (Distributed Denial of Service) attacks on web servers or mimic humans on social media.','0000-00-00 00:00:00',0,1),(460,'Rootkit','A type of software installed on a computer that is used to hide computer viruses. They are difficult to detect','0000-00-00 00:00:00',0,1),(461,'Spyware','Software that is designed to monitor activities on a computer. They can be used to send personal and private information, such as passwords and bank details to fraudsters.','0000-00-00 00:00:00',0,1),(462,'Trojan horse','A malware that appears to be a genuine program but once installed infects the computer.','0000-00-00 00:00:00',0,1),(463,'Worm','A computer virus that is able to copy itself without user interaction.','0000-00-00 00:00:00',0,1),(465,'Keylogger','A type of Spyware that logs key presses from the keyboard and mouse clicks.','0000-00-00 00:00:00',0,1),(466,'Foreign key','A field containing a value used to reference records in another table. The value in the child table matches the primary key value in the parent table to create a relationship between the two tables.','0000-00-00 00:00:00',0,1),(467,'Primary key','A field containing a unique value that is used to identify the record. Two records cannot share the same value.','0000-00-00 00:00:00',0,1),(468,'Dictionary','','0000-00-00 00:00:00',0,1),(469,'Hash function','','0000-00-00 00:00:00',0,1),(470,'Base case','A condition within a recursive function that returns a value without making any subsequent recursive calls.','0000-00-00 00:00:00',0,1),(471,'Stack','','0000-00-00 00:00:00',0,1),(472,'Queue','','0000-00-00 00:00:00',0,1),(473,'Caching','Data that is stored in a location so the program can access the data much more quickly.','0000-00-00 00:00:00',0,1),(474,'Concurrency','','0000-00-00 00:00:00',0,1),(475,'Concurrent processing','A method of giving more than on process a slice of processor time. This gives the appearance that the processes are running at the same time.','0000-00-00 00:00:00',0,1),(477,'A* algorithm','An extension of Dijkstras shortest path algorithm using heuristic function to estimate the short distance in prioritising which nodes to visit.','0000-00-00 00:00:00',0,1),(478,'Dijkstras algorithm','A step-by-step process we can use to find the shortest path b.etween two vertices in a weighted graph','0000-00-00 00:00:00',0,1),(479,'TCP/IP Protocol Stack','The standard protocol used by web browsers to render web pages. It consists of four layers: Application Layer, Transport Layer, Internet Layer and Link Layer.','0000-00-00 00:00:00',0,1),(480,'Application Layer','The Application Layer is the fourth layer of the TCP/IP Protocol Stack. It contains higher level protocols such as HTTP, POP3 or FTP that relate to the application being used.','0000-00-00 00:00:00',0,1),(481,'Transport Layer','The Transport Layer is the third layer of the TCP/IP Protocol Stack used to deal with end to end communications.  It splits data into packets and adds a port number used by the application. It ensures the correct number of packets are received.','0000-00-00 00:00:00',0,1),(482,'Internet Layer','The Internet Layer is third layer of the TCP/IP Protocol Stack. It deals with addressing the packets with a source IP address and destination IP address.','0000-00-00 00:00:00',0,1),(483,'Link Layer','The Link Layer is the first layer of the TCP/IP Protocol Stack it adds a Media Access Control (MAC) address to identify the Network Interface Card (NIC) of the physical device.','0000-00-00 00:00:00',0,1),(484,'Visualisation','','0000-00-00 00:00:00',0,1),(485,'Memory leak','Unused memory that has not been released by the program.','0000-00-00 00:00:00',0,1);
/*!40000 ALTER TABLE `sow_key_word` ENABLE KEYS */;
UNLOCK TABLES;

--
-- Table structure for table `sow_ks123_pathway`
--

DROP TABLE IF EXISTS `sow_ks123_pathway`;
/*!40101 SET @saved_cs_client     = @@character_set_client */;
/*!40101 SET character_set_client = utf8 */;
CREATE TABLE `sow_ks123_pathway` (
  `id` int(11) NOT NULL AUTO_INCREMENT,
  `objective` varchar(1000) NOT NULL,
  `year_id` int(11) NOT NULL,
  `topic_id` int(11) NOT NULL,
  `subject_purpose_id` int(11) DEFAULT NULL,
  `Abstraction` varchar(5) DEFAULT NULL,
  `Decomposition` varchar(5) DEFAULT NULL,
  `AlgorithmicThinking` varchar(5) DEFAULT NULL,
  `Evaluation` varchar(5) DEFAULT NULL,
  `Generalisation` varchar(5) DEFAULT NULL,
  `created` datetime NOT NULL DEFAULT '0000-00-00 00:00:00',
  `created_by` int(10) unsigned NOT NULL DEFAULT '0',
  `published` tinyint(4) NOT NULL DEFAULT '1',
  PRIMARY KEY (`id`),
  KEY `fk_sow_pathway_topic1_idx` (`topic_id`),
  KEY `fk_sow_pathway_year_idx` (`year_id`),
  KEY `fk_sow_pathway_subject_purpose_idx` (`subject_purpose_id`),
  CONSTRAINT `fk_sow_pathway_subject_purpose` FOREIGN KEY (`subject_purpose_id`) REFERENCES `sow_subject_purpose` (`id`),
  CONSTRAINT `fk_sow_pathway_topic` FOREIGN KEY (`topic_id`) REFERENCES `sow_topic` (`id`),
  CONSTRAINT `fk_sow_pathway_year` FOREIGN KEY (`year_id`) REFERENCES `sow_year` (`id`)
) ENGINE=InnoDB AUTO_INCREMENT=153 DEFAULT CHARSET=utf8;
/*!40101 SET character_set_client = @saved_cs_client */;

--
-- Dumping data for table `sow_ks123_pathway`
--

LOCK TABLES `sow_ks123_pathway` WRITE;
/*!40000 ALTER TABLE `sow_ks123_pathway` DISABLE KEYS */;
INSERT INTO `sow_ks123_pathway` VALUES (1,'Understands what an algorithm is and is able to express simple linear (non-branching) algorithms symbolically. (AL)',1,1,2,'','','TRUE','','','0000-00-00 00:00:00',0,1),(2,'Understands that computers need precise instructions. (AL)',1,1,1,'','','TRUE','','','0000-00-00 00:00:00',0,1),(3,'Demonstrates care and precision to avoid errors. (AL)',1,1,1,'','','TRUE','','','0000-00-00 00:00:00',0,1),(4,'Understands that algorithms are implemented on digital devices as programs. (AL)',2,1,2,'','','TRUE','','','0000-00-00 00:00:00',0,1),(5,'Designs simple algorithms using loops, and selection i.e. if statements. (AL)',2,1,1,'','','TRUE','','','0000-00-00 00:00:00',0,1),(6,'Uses logical reasoning to predict outcomes. (AL)',2,1,3,'','','TRUE','','','0000-00-00 00:00:00',0,1),(7,'Detects and corrects errors i.e. debugging, in algorithms. (AL)',2,1,1,'','','TRUE','','','0000-00-00 00:00:00',0,1),(8,'Designs solutions (algorithms) that use repetition and two-way selection i.e. if, then and else. (AL)',3,1,1,'','','TRUE','','','0000-00-00 00:00:00',0,1),(9,'Uses diagrams to express solutions. (AB)',3,1,1,'TRUE','','','','','0000-00-00 00:00:00',0,1),(10,'Uses logical reasoning to predict outputs, showing an awareness of inputs. (AL)',3,1,2,'','','TRUE','','','0000-00-00 00:00:00',0,1),(11,'Shows an awareness of tasks best completed by humans or computers. (EV)',4,1,1,'','','','TRUE','','0000-00-00 00:00:00',0,1),(12,'Designs solutions by decomposing a problem and creates a sub-solution for each of these parts. (DE) (AL) (AB)',4,1,1,'TRUE','TRUE','TRUE','','','0000-00-00 00:00:00',0,1),(13,'Recognises that different solutions exist for the same problem. (AL) (AB)',4,1,1,'TRUE','','TRUE','','','0000-00-00 00:00:00',0,1),(14,'Understands that iteration is the repetition of a process such as a loop. (AL)',5,1,2,'','','TRUE','','','0000-00-00 00:00:00',0,1),(15,'Recognises that different algorithms exist for the same problem. (AL) (GE)',5,1,3,'','','TRUE','','TRUE','0000-00-00 00:00:00',0,1),(16,'Represents solutions using a structured notation. (AL) (AB)',5,1,2,'TRUE','','TRUE','','','0000-00-00 00:00:00',0,1),(17,'Can identify similarities and differences in situations and can use these to solve problems (pattern recognition). (GE)',5,1,1,'','','','','TRUE','0000-00-00 00:00:00',0,1),(18,'Understands a recursive solution to a problem repeatedly applies the same solution to smaller instances of the problem. (AL) (GE)',6,1,1,'','','TRUE','','TRUE','0000-00-00 00:00:00',0,1),(19,'Recognises that some problems share the same characteristics and use the same algorithm to solve both. (AL) (GE)',6,1,1,'','','TRUE','','TRUE','0000-00-00 00:00:00',0,1),(20,'Understands the notion of performance for algorithms and appreciates that some algorithms have different performance characteristics for the same task. (AL) (EV)',6,1,3,'','','TRUE','TRUE','','0000-00-00 00:00:00',0,1),(21,'Recognises that the design of an algorithm is distinct from its expression in a programming language (which will depend on the programming constructs available). (AL) (AB)',7,1,1,'TRUE','','TRUE','','','0000-00-00 00:00:00',0,1),(22,'Evaluates the effectiveness of algorithms and models for similar problems. (AL) (AB) (GE)',7,1,2,'TRUE','','TRUE','','TRUE','0000-00-00 00:00:00',0,1),(23,'Recognises where information can be filtered out in generalizing problem solutions. (AL) (AB) (GE)',7,1,1,'TRUE','','TRUE','','TRUE','0000-00-00 00:00:00',0,1),(24,'Uses logical reasoning to explain how an algorithm works. (AL) (AB) (DE)',7,1,2,'TRUE','TRUE','TRUE','','','0000-00-00 00:00:00',0,1),(25,'Represents algorithms using structured language. (AL) (DE) (AB)',7,1,1,'TRUE','TRUE','TRUE','','','0000-00-00 00:00:00',0,1),(26,'Designs a solution to a problem that depends on solutions to smaller instances of the same problem (recursion). (AL) (DE) (AB) (GE)',8,1,1,'TRUE','TRUE','TRUE','','TRUE','0000-00-00 00:00:00',0,1),(27,'Understands that some problems cannot be solved computationally. (AB) (GE)',8,1,3,'TRUE','','','','TRUE','0000-00-00 00:00:00',0,1),(28,'Knows that users can develop their own programs, and can demonstrate this by creating a simple program in an environment that does not rely on text e.g. programmable robots etc. (AL)',1,2,1,'','','TRUE','','','0000-00-00 00:00:00',0,1),(29,' Executes, checks and changes programs. (AL)',1,2,1,'','','TRUE','','','0000-00-00 00:00:00',0,1),(30,'Understands that programs execute by following precise instructions. (AL)',1,2,1,'','','TRUE','','','0000-00-00 00:00:00',0,1),(31,'Uses arithmetic operators, if statements, and loops, within programs. (AL)',2,2,3,'','','TRUE','','','0000-00-00 00:00:00',0,1),(32,'Uses logical reasoning to predict the behaviour of programs. (AL)',2,2,3,'','','TRUE','','','0000-00-00 00:00:00',0,1),(33,'Detects and corrects simple semantic errors i.e. debugging, in programs. (AL)',2,2,1,'','','TRUE','','','0000-00-00 00:00:00',0,1),(34,'Creates programs that implement algorithms to achieve given goals. (AL)',3,2,1,'','','TRUE','','','0000-00-00 00:00:00',0,1),(35,'Declares and assigns variables. (AB)',3,2,1,'TRUE','','','','','0000-00-00 00:00:00',0,1),(36,'Uses post-tested loop e.g. until, and a sequence of selection statements in programs, including an if, then and else statement. (AL)',3,2,1,'','','TRUE','','','0000-00-00 00:00:00',0,1),(37,'Understands the difference between, and appropriately uses if and if, then and else statements. (AL)',4,2,1,'','','TRUE','','','0000-00-00 00:00:00',0,1),(38,' Uses a variable and relational operators within a loop to govern termination. (AL) (GE)',4,2,1,'','','TRUE','','TRUE','0000-00-00 00:00:00',0,1),(39,'Designs, writes and debugs modular programs using procedures. (AL) (DE) (AB) (GE)',4,2,1,'TRUE','TRUE','TRUE','','TRUE','0000-00-00 00:00:00',0,1),(40,'Knows that a procedure can be used to hide the detail with sub-solution. (AL) (DE) (AB) (GE)',4,2,1,'TRUE','TRUE','TRUE','','TRUE','0000-00-00 00:00:00',0,1),(41,'Understands that programming bridges the gap between algorithmic solutions and computers. (AB)',5,2,1,'TRUE','','','','','0000-00-00 00:00:00',0,1),(42,'Has practical experience of a high-level textual language, including using standard libraries when programming. (AB) (AL)',5,2,1,'TRUE','','TRUE','','','0000-00-00 00:00:00',0,1),(43,'Uses a range of operators and expressions e.g. Boolean, and applies them in the context of program control. (AL)',5,2,1,'','','TRUE','','','0000-00-00 00:00:00',0,1),(44,'Selects the appropriate data types. (AL) (AB)',5,2,1,'TRUE','','TRUE','','','0000-00-00 00:00:00',0,1),(45,'Uses nested selection statements. (AL)',6,2,1,'','','TRUE','','','0000-00-00 00:00:00',0,1),(46,'Appreciates the need for, and writes, custom functions including use of parameters. (AL) (AB)',6,2,1,'TRUE','','TRUE','','','0000-00-00 00:00:00',0,1),(47,'Knows the difference between, and uses appropriately, procedures and functions. (AL) (AB)',6,2,1,'TRUE','','TRUE','','','0000-00-00 00:00:00',0,1),(48,'Understands and uses negation with operators. (AL)',6,2,1,'','','TRUE','','','0000-00-00 00:00:00',0,1),(49,'Uses and manipulates one dimensional data structures. (AB)',6,2,1,'TRUE','','','','','0000-00-00 00:00:00',0,1),(50,'Detects and corrects syntactical errors. (AL)',6,2,1,'','','TRUE','','','0000-00-00 00:00:00',0,1),(51,'Appreciates the effect of the scope of a variable e.g. a local variable cannot be accessed from outside its function. (AB) (AL)',7,2,1,'TRUE','','TRUE','','','0000-00-00 00:00:00',0,1),(52,'Understands and applies parameter passing. (AB) (GE) (DE)',7,2,1,'TRUE','TRUE','','','TRUE','0000-00-00 00:00:00',0,1),(53,'Understands the difference between, and uses, both pre-tested e.g. while, and post-tested e.g. until loops. (AL)',7,2,1,'','','TRUE','','','0000-00-00 00:00:00',0,1),(54,'Applies a modular approach to error detection and correction. (AB) (DE) (GE)',7,2,1,'TRUE','TRUE','','','TRUE','0000-00-00 00:00:00',0,1),(55,'Designs and writes nested modular programs that enforce reusability utilising sub-routines wherever possible. (AL) (AB) (GE) (DE)',8,2,1,'TRUE','TRUE','TRUE','','TRUE','0000-00-00 00:00:00',0,1),(56,'Understands the difference between While loop and For loop, which uses a loop counter. (AL) (AB)',8,2,1,'TRUE','','TRUE','','','0000-00-00 00:00:00',0,1),(57,'Understands and uses two dimensional data structures. (AB) (DE)',8,2,1,'TRUE','TRUE','','','','0000-00-00 00:00:00',0,1),(58,'Recognises that digital content can be represented in many forms. (AB) (GE)',1,3,3,'TRUE','','','','TRUE','0000-00-00 00:00:00',0,1),(59,'Distinguishes between some of these forms and can explain the different ways that they communicate information. (AB)',1,3,3,'TRUE','','','','','0000-00-00 00:00:00',0,1),(60,'Recognises different types of data: text, number. (AB) (GE)',2,3,3,'TRUE','','','','TRUE','0000-00-00 00:00:00',0,1),(61,'Appreciates that programs can work with different types of data. (GE)',2,3,3,'','','','','TRUE','0000-00-00 00:00:00',0,1),(62,'Recognises that data can be structured in tables to make it useful. (AB) (DE)',2,3,3,'TRUE','TRUE','','','','0000-00-00 00:00:00',0,1),(63,'Understands the difference between data and information. (AB)',3,3,3,'TRUE','','','','','0000-00-00 00:00:00',0,1),(64,'Knows why sorting data in a flat file can improve searching for information. (EV)',3,3,3,'','','','TRUE','','0000-00-00 00:00:00',0,1),(65,'Uses filters or can perform single criteria searches for information.(AL)',3,3,3,'','','TRUE','','','0000-00-00 00:00:00',0,1),(66,'Performs more complex searches for information e.g. using Boolean and relational operators. (AL) (GE) (EV)',4,3,3,'','','TRUE','TRUE','TRUE','0000-00-00 00:00:00',0,1),(67,'Analyses and evaluates data and information, and recognises that poor quality data leads to unreliable results, and inaccurate conclusions. (AL) (EV)',4,3,3,'','','TRUE','TRUE','','0000-00-00 00:00:00',0,1),(68,'Knows that digital computers use binary to represent all data. (AB)',5,3,3,'TRUE','','','','','0000-00-00 00:00:00',0,1),(69,'Understands how bit patterns represent numbers and images. (AB)',5,3,3,'TRUE','','','','','0000-00-00 00:00:00',0,1),(70,'Knows that computers transfer data in binary. (AB)',5,3,3,'TRUE','','','','','0000-00-00 00:00:00',0,1),(71,'Understands the relationship between binary and file size (uncompressed). (AB)',5,3,3,'TRUE','','','','','0000-00-00 00:00:00',0,1),(72,'Defines data types: real numbers and Boolean. (AB)',5,3,3,'TRUE','','','','','0000-00-00 00:00:00',0,1),(73,'Queries data on one table using a typical query language. (AB)',5,3,3,'TRUE','','','','','0000-00-00 00:00:00',0,1),(74,'Understands how numbers, images, sounds and character sets use the same bit patterns. (AB) (GE)',6,3,3,'TRUE','','','','TRUE','0000-00-00 00:00:00',0,1),(75,'Performs simple operations using bit patterns e.g. binary addition. (AB) (AL)',6,3,3,'TRUE','','TRUE','','','0000-00-00 00:00:00',0,1),(76,'Understands the relationship between resolution and colour depth, including the effect on file size. (AB)',6,3,3,'TRUE','','','','','0000-00-00 00:00:00',0,1),(77,'Distinguishes between data used in a simple program (a variable) and the storage structure for that data. (AB)',6,3,3,'TRUE','','','','','0000-00-00 00:00:00',0,1),(78,'Knows the relationship between data representation and data quality. (AB)',7,3,3,'TRUE','','','','','0000-00-00 00:00:00',0,1),(79,'Understands the relationship between binary and electrical circuits, including Boolean logic. (AB)',7,3,2,'TRUE','','','','','0000-00-00 00:00:00',0,1),(80,'Understands how and why values are data typed in many different languages when manipulated within programs. (AB)',7,3,2,'TRUE','','','','','0000-00-00 00:00:00',0,1),(81,'Performs operations using bit patterns e.g. conversion between binary and hexadecimal, binary subtraction etc. (AB) (AL) (GE)',8,3,2,'TRUE','','TRUE','','TRUE','0000-00-00 00:00:00',0,1),(82,'Understands and can explain the need for data compression, and performs simple compression methods. (AL) (AB)',8,3,2,'TRUE','','TRUE','','','0000-00-00 00:00:00',0,1),(83,'Knows what a relational database is, and understands the benefits of storing data in multiple tables. (AB) (GE) (DE)',8,3,1,'TRUE','TRUE','','','TRUE','0000-00-00 00:00:00',0,1),(84,'Understands that computers have no intelligence and that computers can do nothing unless a program is executed. (AL)',1,4,3,'','','TRUE','','','0000-00-00 00:00:00',0,1),(85,'Recognises that all software executed on digital devices is programmed. (AL) (AB) (GE)',1,4,1,'TRUE','','TRUE','','TRUE','0000-00-00 00:00:00',0,1),(86,'Recognises that a range of digital devices can be considered a computer. (AB) (GE) ',2,4,1,'TRUE','','','','TRUE','0000-00-00 00:00:00',0,1),(87,'Recognises and can use a range of input and output devices.',2,4,1,'','','','','','0000-00-00 00:00:00',0,1),(88,'Understands how programs specify the function of a general purpose computer. (AB)',2,4,1,'TRUE','','','','','0000-00-00 00:00:00',0,1),(89,'Knows that computers collect data from various input devices, including sensors and application software. (AB)',3,4,1,'TRUE','','','','','0000-00-00 00:00:00',0,1),(90,'Understands the difference between hardware and application software, and their roles within a computer system. (AB)',3,4,1,'TRUE','','','','','0000-00-00 00:00:00',0,1),(91,'Understands why and when computers are used. (EV)',4,4,1,'','','','TRUE','','0000-00-00 00:00:00',0,1),(92,'Understands the main functions of the operating system. (DE) (AB)',4,4,1,'TRUE','TRUE','','','','0000-00-00 00:00:00',0,1),(93,'Knows the difference between physical, wireless and mobile networks. (AB)',4,4,1,'TRUE','','','','','0000-00-00 00:00:00',0,1),(94,'Recognises and understands the function of the main internal parts of basic computer architecture. (AB)',5,4,1,'TRUE','','','','','0000-00-00 00:00:00',0,1),(95,'Understands the concepts behind the fetch-execute cycle. (AB) (AL)',5,4,1,'TRUE','','TRUE','','','0000-00-00 00:00:00',0,1),(96,'Knows that there is a range of operating systems and application software for the same hardware. (AB)',5,4,1,'TRUE','','','','','0000-00-00 00:00:00',0,1),(97,'Understands the von Neumann architecture in relation to the fetchexecute cycle, including how data is stored in memory. (AB) (GE)',6,4,1,'TRUE','','','','TRUE','0000-00-00 00:00:00',0,1),(98,'Understands the basic function and operation of location addressable memory.(AB)',6,4,1,'TRUE','','','','','0000-00-00 00:00:00',0,1),(99,'Knows that processors have instruction sets and that these relate to low-level instructions carried out by a computer. (AB) (AL) (GE)',7,4,1,'TRUE','','TRUE','','TRUE','0000-00-00 00:00:00',0,1),(100,'Has practical experience of a small (hypothetical) low level programming language. (AB) (AL) (DE) (GE)',8,4,1,'TRUE','TRUE','TRUE','','TRUE','0000-00-00 00:00:00',0,1),(101,'Understands and can explain Moores Law. (GE)',8,4,3,'','','','','TRUE','0000-00-00 00:00:00',0,1),(102,'Understands and can explain multitasking by computers. (AB) (AL) (DE)',8,4,1,'TRUE','TRUE','TRUE','','','0000-00-00 00:00:00',0,1),(103,'Obtains content from the world wide web using a web browser. (AL)',1,5,1,'','','TRUE','','','0000-00-00 00:00:00',0,1),(104,'Understands the importance of communicating safely and respectfully online, and the need for keeping personal information private. (EV)',1,5,1,'','','','TRUE','','0000-00-00 00:00:00',0,1),(105,'Knows what to do when concerned about content or being contacted. (AL)',1,5,1,'','','TRUE','','','0000-00-00 00:00:00',0,1),(106,'Navigates the web and can carry out simple web searches to collect digital content. (AL) (EV)',2,5,1,'','','TRUE','TRUE','','0000-00-00 00:00:00',0,1),(107,'Demonstrates use of computers safely and responsibly, knowing a range of ways to report unacceptable content and contact when online.',2,5,1,'','','','','','0000-00-00 00:00:00',0,1),(108,'Understands the difference between the internet and internet service e.g. world wide web. (AB)',3,5,1,'TRUE','','','','','0000-00-00 00:00:00',0,1),(109,'Shows an awareness of, and can use a range of internet services e.g. VOIP.',3,5,1,'','','','','','0000-00-00 00:00:00',0,1),(110,'Recognises what is acceptable and unacceptable behaviour when using technologies and online services.',3,5,1,'','','','','','0000-00-00 00:00:00',0,1),(111,'Understands how to effectively use search engines, and knows how search results are selected, including that search engines use web crawler programs. (AB) (GE) (EV)',4,5,1,'TRUE','','','TRUE','TRUE','0000-00-00 00:00:00',0,1),(112,'Selects, combines and uses internet services. (EV)',4,5,1,'','','','TRUE','','0000-00-00 00:00:00',0,1),(113,'Demonstrates responsible use of technologies and online services, and knows a range of ways to report concerns.',4,5,1,'','','','','','0000-00-00 00:00:00',0,1),(114,'Understands how search engines rank search results. (AL)',5,5,1,'','','TRUE','','','0000-00-00 00:00:00',0,1),(115,'Understands how to construct static web pages using HTML and CSS. (AL) (AB)',5,5,1,'TRUE','','TRUE','','','0000-00-00 00:00:00',0,1),(116,'Understands data transmission between digital computers over networks, including the internet i.e. IP addresses and packet switching. (AL) (AB)',5,5,1,'TRUE','','TRUE','','','0000-00-00 00:00:00',0,1),(117,'Knows the names of hardware e.g. hubs, routers, switches, and the names of protocols e.g. SMTP, iMAP, POP, FTP, TCP/ IP, associated with networking computer systems. (AB)',6,5,1,'TRUE','','','','','0000-00-00 00:00:00',0,1),(118,'Uses technologies and online services securely, and knows how to identify and report inappropriate conduct. (AL)',6,5,1,'','','TRUE','','','0000-00-00 00:00:00',0,1),(119,'Knows the purpose of the hardware and protocols associated with networking computer systems. (AB) (AL)',7,5,1,'TRUE','','TRUE','','','0000-00-00 00:00:00',0,1),(120,'Understands the client-server model including how dynamic web pages use server-side scripting and that web servers process and store data entered by users. (AL) (AB) (DE)',7,5,1,'TRUE','TRUE','TRUE','','','0000-00-00 00:00:00',0,1),(121,'Recognises that persistence of data on the internet requires careful protection of online identity and privacy.',7,5,1,'','','','','','0000-00-00 00:00:00',0,1),(122,'Understands the hardware associated with networking computer systems, including WANs and LANs, understands their purpose and how they work, including MAC addresses. (AB) (AL) (DE) (GE)',8,5,1,'TRUE','TRUE','TRUE','','TRUE','0000-00-00 00:00:00',0,1),(123,'Uses software under the control of the teacher to create, store and edit digital content using appropriate file and folder names. (AB) (GE) (DE)',1,6,1,'TRUE','TRUE','','','TRUE','0000-00-00 00:00:00',0,1),(124,'Understands that people interact with computers.',1,6,1,'','','','','','0000-00-00 00:00:00',0,1),(125,'Shares their use of technology in school.',1,6,1,'','','','','','0000-00-00 00:00:00',0,1),(126,'Knows common uses of information technology beyond the classroom. (GE)',1,6,1,'','','','','TRUE','0000-00-00 00:00:00',0,1),(127,'Talks about their work and makes changes to improve it. (EV)',1,6,1,'','','','TRUE','','0000-00-00 00:00:00',0,1),(128,'Uses technology with increasing independence to purposefully organise digital content. (AB)',2,6,1,'TRUE','','','','','0000-00-00 00:00:00',0,1),(129,'Shows an awareness for the quality of digital content collected. (EV)',2,6,3,'','','','TRUE','','0000-00-00 00:00:00',0,1),(130,'Uses a variety of software to manipulate and present digital content: data and information. (AL)',2,6,1,'','','TRUE','','','0000-00-00 00:00:00',0,1),(131,'Shares their experiences of technology in school and beyond the classroom. (GE) (EV)',2,6,1,'','','','TRUE','TRUE','0000-00-00 00:00:00',0,1),(132,'Talks about their work and makes improvements to solutions based on feedback received.(EV)',2,6,3,'','','','TRUE','','0000-00-00 00:00:00',0,1),(133,'Collects, organises and presents data and information in digital content. (AB)',3,6,3,'TRUE','','','','','0000-00-00 00:00:00',0,1),(134,'Creates digital content to achieve a given goal through combining software packages and internet services to communicate with a wider audience e.g. blogging. (AL)',3,6,1,'','','TRUE','','','0000-00-00 00:00:00',0,1),(135,'Makes appropriate improvements to solutions based on feedback received, and can comment on the success of the solution. (EV)',3,6,1,'','','','TRUE','','0000-00-00 00:00:00',0,1),(136,'Makes judgements about digital content when evaluating and repurposing it for a given audience. (EV) (GE)',4,6,1,'','','','TRUE','TRUE','0000-00-00 00:00:00',0,1),(137,'Recognises the audience when designing and creating digital content. (EV)',4,6,1,'','','','TRUE','','0000-00-00 00:00:00',0,1),(138,'Understands the potential of information technology for collaboration when computers are networked. (GE)',4,6,1,'','','','','TRUE','0000-00-00 00:00:00',0,1),(139,'Uses criteria to evaluate the quality of solutions, can identify improvements making some refinements to the solution, and future solutions. (EV)',4,6,1,'','','','TRUE','','0000-00-00 00:00:00',0,1),(140,'Evaluates the appropriateness of digital devices, internet services and application software to achieve given goals. (EV)',5,6,1,'','','','TRUE','','0000-00-00 00:00:00',0,1),(141,'Recognises ethical issues surrounding the application of information technology beyond school.',5,6,1,'','','','','','0000-00-00 00:00:00',0,1),(142,'Designs criteria to critically evaluate the quality of solutions, uses the criteria to identify improvements and can make appropriate refinements to the solution. (EV)',5,6,1,'','','','TRUE','','0000-00-00 00:00:00',0,1),(143,'Justifies the choice of and independently combines and uses multiple digital devices, internet services and application software to achieve given goals. (EV',6,6,1,'','','','','','0000-00-00 00:00:00',0,1),(144,'Evaluates the trustworthiness of digital content and considers the usability of visual design features when designing and creating digital artifacts for a known audience. (EV)',6,6,1,'','','','TRUE','','0000-00-00 00:00:00',0,1),(145,'Identifies and explains how the use of technology can impact on society.',6,6,1,'','','','','','0000-00-00 00:00:00',0,1),(146,'Designs criteria for users to evaluate the quality of solutions, uses the feedback from the users to identify improvements and can make appropriate refinements to the solution. (EV)',6,6,1,'','','','TRUE','','0000-00-00 00:00:00',0,1),(147,'Undertakes creative projects that collect, analyse, and evaluate data to meet the needs of a known user group. (AL) (DE) (EV)',7,6,1,'','TRUE','TRUE','TRUE','','0000-00-00 00:00:00',0,1),(148,'Effectively designs and creates digital artefacts for a wider or remote audience. (AL) (DE)',7,6,1,'','TRUE','TRUE','','','0000-00-00 00:00:00',0,1),(149,'Considers the properties of media when importing them into digital artefacts. (AB)',7,6,1,'TRUE','','','','','0000-00-00 00:00:00',0,1),(150,'Documents user feedback, the improvements identified and the refinements made to the solution. (AB)',7,6,1,'TRUE','','','','','0000-00-00 00:00:00',0,1),(151,'Explains and justifies how the use of technology impacts on society, from the perspective of social, economical, political, legal, ethical and moral issues. (EV)',7,6,1,'','','','TRUE','','0000-00-00 00:00:00',0,1),(152,'Understands the ethical issues surrounding the application of information technology, and the existence of legal frameworks governing its use e.g. Data Protection Act, Computer Misuse Act, Copyright etc. (EV)',8,6,3,'','','','TRUE','','0000-00-00 00:00:00',0,1);
/*!40000 ALTER TABLE `sow_ks123_pathway` ENABLE KEYS */;
UNLOCK TABLES;

--
-- Table structure for table `sow_learning_episode`
--

DROP TABLE IF EXISTS `sow_learning_episode`;
/*!40101 SET @saved_cs_client     = @@character_set_client */;
/*!40101 SET character_set_client = utf8 */;
CREATE TABLE `sow_learning_episode` (
  `id` int(11) NOT NULL AUTO_INCREMENT,
  `title` varchar(45) NOT NULL DEFAULT '',
  `order_of_delivery_id` int(11) DEFAULT NULL,
  `scheme_of_work_id` int(11) DEFAULT NULL,
  `topic_id` int(11) DEFAULT '76',
  `related_topic_ids` varchar(100) DEFAULT '',
  `summary` varchar(100) DEFAULT '',
  `key_words` varchar(1000) DEFAULT '',
  `created` datetime NOT NULL DEFAULT '0000-00-00 00:00:00',
  `created_by` int(10) unsigned NOT NULL DEFAULT '0',
  `published` tinyint(4) NOT NULL DEFAULT '1',
  `year_id` int(11) NOT NULL DEFAULT '1',
  PRIMARY KEY (`id`),
  KEY `scheme_of_work_id__idx` (`scheme_of_work_id`),
  KEY `sow_learning_episode_has_topic_id` (`topic_id`),
  KEY `sow_learning_episode__has__year_id` (`year_id`),
  CONSTRAINT `sow_learning_episode__has__year_id` FOREIGN KEY (`year_id`) REFERENCES `sow_year` (`id`),
  CONSTRAINT `sow_learning_episode_has_topic_id` FOREIGN KEY (`topic_id`) REFERENCES `sow_topic` (`id`) ON DELETE CASCADE,
  CONSTRAINT `sow_learning_episode_ibfk_1` FOREIGN KEY (`scheme_of_work_id`) REFERENCES `sow_scheme_of_work` (`id`) ON DELETE CASCADE
) ENGINE=InnoDB AUTO_INCREMENT=177 DEFAULT CHARSET=utf8;
/*!40101 SET character_set_client = @saved_cs_client */;

--
-- Dumping data for table `sow_learning_episode`
--

LOCK TABLES `sow_learning_episode` WRITE;
/*!40000 ALTER TABLE `sow_learning_episode` DISABLE KEYS */;
INSERT INTO `sow_learning_episode` VALUES (48,'Lightbot',1,76,1,'','Giving step-by-step instructions to a machine','Decomposition, Pattern recognition','2018-12-24 09:48:37',1,1,7),(64,'CPU architecture',1,127,4,'','Von Neumann architecture and the CPU','Von neumann architecture, Central Processing Unit (CPU), Fetch Decode Execute (FDE), Control Unit (CU), Buses, Current Instruction Register (CIR), Data bus, Control bus, Address bus, Program Counter (PC), Arithemtic Logic Unit (ALU), Accumulator (ACC), Memory Data Register (MDR), Memory Address Register (MAR), System Clock','2019-01-15 08:32:00',1,1,10),(65,'Memory',2,127,4,'','Random Access Memory (RAM), virtual memory and cache','Cache, Flash storage, Random Access Memory (RAM), Virtual memory','2019-01-15 08:32:00',1,1,10),(66,'Computer Architecture',3,127,4,'','Types of computers, including general-purpose computers and embedded systems','Dedicated system, General-purpose computer, Control system, Embedded system','2019-01-15 08:32:00',1,1,10),(67,'Primary and Secondary Storage',4,127,4,'','Primary storage and differences between primary storage and secondary storage','Bit, Byte, Random Access Memory (RAM), Kilobyte, Non-volatile memory, Volatile memory','2019-01-15 08:32:00',1,1,10),(68,'Secondary Storage and Capacity',5,127,4,'','Different types of and choices of secondary storage including capacity','Magnetic storage, Optical storage, Flash storage, Solid State Drive (SSD), Digital versatile disc (dvd), Compact Disc (CD)','2019-01-15 08:32:00',1,1,10),(72,'Intro to Networks',9,127,5,'','Types of networks and transmission media','Local Area Network (LAN), Wireless Network, Unshielded Twisted Pair (UTP), Client-server Network, Network, Wide Area Network (WAN), Peer-to-peer Network, Storage Area Network (SAN), Virtual Private Network (VPN)','2019-01-15 08:32:00',1,1,10),(73,'LAN and WAN',10,127,5,'','','Network, Local Area Network (LAN), Wide Area Network (WAN)','2019-01-15 08:32:00',1,1,10),(74,'Network connections',11,127,5,'','','','2019-01-15 08:32:00',1,1,10),(75,'Types of network',12,127,5,'','','','2019-01-15 08:32:00',1,1,10),(76,'Network hardware',13,127,5,'','','','2019-01-15 08:32:00',1,1,10),(77,'Network topology',14,127,5,'','','','2019-01-15 08:32:00',1,1,10),(78,'Network security',15,127,5,'','','','2019-01-15 08:32:00',1,0,10),(79,'Network protocols',16,127,5,'','','','2019-01-15 08:32:00',1,1,10),(80,'Packets and packet switching',17,127,5,'','','','2019-01-15 08:32:00',1,0,10),(81,'Network layers',18,127,5,'','','','2019-01-15 08:32:00',1,0,10),(82,'Hacking',19,127,5,'','','','2019-01-15 08:32:00',1,1,10),(83,'Network policies',20,127,5,'','','','2019-01-15 08:32:00',1,1,10),(85,'Network services',22,127,5,'','','','2019-01-15 08:32:00',1,1,10),(86,'Types of software',23,127,6,'','','','2019-01-15 08:32:00',1,1,10),(87,'Operating system',24,127,6,'','','','2019-01-15 08:32:00',1,1,10),(88,'Libraries',25,127,6,'','','','2019-01-15 08:32:00',1,1,10),(89,'Utility software',26,127,6,'','','','2019-01-15 08:32:00',1,1,10),(90,'Computational thinking',27,127,1,'','Problem solving techniques','','2019-01-15 08:32:00',1,1,10),(92,'Variables and constants',29,127,1,'','','','2019-01-15 08:32:00',1,1,10),(93,'Type casting',30,127,1,'','','','2019-01-15 08:32:00',1,1,10),(94,'Program structures',31,127,1,'','There are three basic types of structures in programming','','2019-01-15 08:32:00',1,1,10),(95,'Logic and Truth Tables',32,127,1,'','','','2019-01-15 08:32:00',1,1,10),(96,'Boolean Logic',33,127,1,'','','','2019-01-15 08:32:00',1,1,10),(97,'Comparison operators',34,127,1,'','','','2019-01-15 08:32:00',1,1,11),(99,'',36,127,1,'','','','2019-01-15 08:32:00',1,0,11),(100,'Data structures - arrays and records',37,127,2,'','','','2019-01-15 08:32:00',1,1,11),(101,'Reading and writing files',38,127,2,'','Accessing files to read and write data','','2019-01-15 08:32:00',1,1,11),(102,'String manipulation',39,127,2,'','','','2019-01-15 08:32:00',1,1,11),(103,'Subroutines: Functions and procedures',40,127,2,'','','','2019-01-15 08:32:00',1,1,11),(104,'Maintainability',41,127,2,'','','','2019-01-15 08:32:00',1,1,11),(105,'Low Level Programming Languages',43,127,2,'','','','2019-01-15 08:32:00',1,1,11),(106,'Translators',43,127,2,'','','','2019-01-15 08:32:00',1,0,11),(107,'Assembly language',44,127,2,'','','','2019-01-15 08:32:00',1,1,11),(108,'High Level Programming Languages',45,127,2,'','','','2019-01-15 08:32:00',1,1,11),(109,'Compilers',46,127,2,'','','','2019-01-15 08:32:00',1,1,11),(110,'Interpreters',47,127,2,'','','','2019-01-15 08:32:00',1,1,11),(111,'Editors and IDE',48,127,2,'','','','2019-01-15 08:32:00',1,1,11),(112,'Run-time environments',49,127,2,'','','','2019-01-15 08:32:00',1,1,11),(113,'Binary',50,127,3,'','','','2019-01-15 08:32:00',1,1,11),(114,'Hexidecimal',51,127,3,'','','','2019-01-15 08:32:00',1,1,11),(115,'Data representation: characters',56,127,3,'','2.6 - Representation of Characters and different Character Sets','','2019-01-15 08:32:00',1,1,11),(116,'Data representation: images',54,127,3,'','','','2019-01-15 08:32:00',1,1,11),(118,'Data representation: sound',55,127,3,'','','','2019-01-15 08:32:00',1,0,11),(119,'Compression',52,127,3,'','','','2019-01-15 08:32:00',1,1,11),(120,'Culture',100,127,6,'','','','2019-01-15 08:32:00',1,1,11),(121,'Legal',101,127,6,'','','','2019-01-15 08:32:00',1,1,11),(122,'Proprietary software vs open source software',102,127,6,'','','','2019-01-15 08:32:00',1,1,11),(123,'Ethics',103,127,6,'','','','2019-01-15 08:32:00',1,1,11),(124,'Automation',104,127,6,'','','','2019-01-15 08:32:00',1,1,11),(125,'Artificial Intelligence',105,127,6,'','','','2019-01-15 08:32:00',1,1,11),(126,'Environmental',106,127,6,'','','','2019-01-15 08:32:00',1,1,11),(127,'',107,127,6,'','','','2019-01-15 08:32:00',1,0,11),(128,'',108,127,6,'','','','2019-01-15 08:32:00',1,0,11),(129,'',109,127,6,'','','','2019-01-15 08:32:00',1,0,11),(131,'The CPU',1,11,4,'','CPU components: ALU, Control Unit, Registers and Buses','Buses, Registers, Central Processing Unit (CPU), Control Unit (CU)','2019-01-15 12:53:46',1,1,12),(132,'Performance and pipelining',2,11,4,'','','Cycles per Second, Clock speed, Cache, Quad core, Pipelining, Fetch Decode Execute (FDE), Efficiency, Instruction, Hertz (hz)','2019-01-15 14:10:08',1,1,12),(133,'Types of CPU architecture',3,11,4,'','Von Neumann architecture and Harvard architecture; CISC and RISC','Von neumann architecture, Distributed computing, Parallel processing, Complex Instruction Set Computing (CISC), Reduced Instruction Set Computing (RISC), Harvard architecture','2019-01-15 14:36:57',1,1,12),(135,'GPU,  Multicore and parallel',4,11,4,'','Graphic Processing Units; Multi-core and parallel processing systems','Graphical processing unit (gpu)','2019-01-16 11:26:38',1,1,12),(136,'Storage devices',5,11,4,'','Input devices, output devices and different storage devices','Input device, Storage device, Magnetic storage, Flash storage, Optical storage, Output device','2019-01-17 10:37:34',1,1,12),(137,'Paging and segmentation',6,11,6,'','The operating system, memory management, paging, segmentation, virtual memory','Paging,Segmentation','2019-01-17 15:10:36',1,1,12),(138,'Linked lists',35,11,1,'','Describing and constructing linked lists','linked list, data structure','2019-01-17 15:48:09',1,1,12),(140,'Trees',39,11,1,'','Defining and traversing binary tree structures','binary search, binary tree, node, traversal, edge, root node, child node, parent node, subtree, leaf node, recursive, one-dimensional array, array','2019-01-22 12:16:04',1,1,13),(141,'Boolean algebra',40,11,1,'','Boolean algebra, logic gates and constructing truth tables','Boolean logic, Logic gate, Truth table','2019-01-22 14:06:37',1,1,13),(142,'Karnaugh maps',42,11,1,'','Using Karnaugh maps to simplify expression','karnaugh map, boolean logic, circuits','2019-01-23 05:11:22',1,1,13),(143,'Logic circuits',43,11,1,'','Logic circuits: half adders, full adders and flip flops','full adder, half adder, logic gate, logic circuit, registers, truth table, binary addition, sequential logic circuit','2019-01-26 04:24:48',1,1,13),(144,'HTML and CSS',24,11,6,'','HTML and CSS','','2019-01-31 13:47:00',1,1,13),(145,'Graphs',38,11,1,'','Describing and constructing graphs','','2019-02-02 10:47:06',1,1,13),(146,'Introduction to networks',1,76,5,'','','','2019-02-05 07:45:16',1,1,9),(147,'Scratch 2',1,76,1,'','Create an interactive game','Variable, Selection, Iteration','2019-02-05 14:29:30',1,1,8),(148,'Web forms and JavaScript',25,11,6,'','Form handling using JavaScript','Hyper Text Markup Language (HTML), Javascript, HTML form, Interpretter, Compiler, Object code, Validation, Function, Variable','2019-02-10 13:18:09',1,1,13),(149,'CPU and the Fetch-Decode-Execute Cycle',2,76,4,'','The CPU and the Fetch-Decode-Execute cycle','Central Processing Unit (CPU), Fetch Decode Execute (FDE), Random Access Memory (RAM)','2019-02-11 14:42:22',1,1,9),(154,'Logo',2,76,1,'','Giving step-by-step instructions to a machine','Decomposition, Pattern recognition','2019-02-14 13:10:47',1,1,7),(155,'Search engine indexing and page ranking',26,11,1,'','Search engines use key words, meta tags and content to match search terms.','','2019-02-20 15:06:36',1,1,12),(156,'Strategies for Problem Solving',52,11,1,'','Strategies used for finding the best solution or approximate solutions','','2019-02-21 06:16:18',1,1,13),(157,'Sorting algorithms',58,127,1,'','Different methods of sorting data','Bubble sort,Merge sort,Insertion sort','2019-02-27 05:21:01',1,1,11),(158,'Search algorithms',57,127,1,'','Different methods of searching data','Binary search,Linear search','2019-02-27 05:47:33',1,1,11),(159,'Subroutines and variable scope',56,11,2,'','Using functions and procedures with global and local variables','Function,Procedure,Subroutine','2019-03-09 04:24:41',1,1,12),(160,'Iteration, recursion and performance',56,11,2,'','Iteration versus recursion','Recursive,Iteration','2019-03-09 06:15:48',1,1,12),(161,'Reading and creating flowcharts',3,76,1,'','Creating flowcharts and Flowol','Flow chart,Sequence,Selection,Iteration','2019-03-09 11:37:44',1,1,7),(162,'Hacking',3,76,6,'','Understanding the computer misuse act','Computer Misuse Act','2019-03-14 11:50:18',1,1,9),(163,'Documenting testing strategies',26,11,2,'','Design documentation: testing strategies','Invalid extreme,Invalid extreme,Invalid,Invalid extreme,User Acceptance Testing (UAT),Black box Testing,White box testing','2019-03-23 12:38:02',1,1,12),(164,'Debugging',42,127,2,'','','','2019-03-24 06:27:32',1,1,11),(165,'Input validation',42,127,2,'','','','2019-03-24 06:30:21',1,1,11),(166,'White-box testing and Black-box testing',42,127,2,'','','','2019-03-24 06:41:37',1,1,11),(167,'Staying safe on the Internet',4,76,6,'','Protecting yourself online','Hacking,Phishing,Malware','2019-03-24 07:15:29',1,1,7),(168,'Viruses',4,76,5,'','Viruses and protection against malicious software','','2019-03-24 12:28:48',1,1,9),(169,'Structured Query Language (SQL)',38,127,2,'','Using SQL statements to select, insert, edit and delete from tables','Structured Query Language (SQL)','2019-03-29 11:46:27',1,1,11),(170,'Hash tables',37,11,1,'','Hash functions for fast data retrieval','Hash table,Dictionary','2019-04-10 04:24:48',1,1,13),(171,'Subroutines and variable scope',56,11,2,'','Using functions and procedures with global and local variables','Function,Procedure,Subroutine','2019-04-30 03:18:33',1,1,12),(172,'Stacks and Queues',34,11,1,'','Implementing Stacks and Queues','Stack,Queue,Stack overflow','2019-05-02 06:23:25',1,1,12),(173,'Caching and concurrency',48,11,2,'','','Caching,Concurrent processing','2019-05-03 03:57:20',1,1,13),(174,'Dijkstras algorithm and A* algorithm',64,11,1,'','Algorithms to find the shortest path between two nodes on a graph','A* algorithm,Dijkstras algorithm','2019-05-14 08:23:20',1,1,12),(175,'TCP/IP protocol stack',1,11,5,'','The four layers of the TCP/IP protocol stack','','2019-05-17 05:00:18',1,1,12),(176,'Problem solving',52,11,1,'','Understanding and applying problem solving techniques','Visualisation,Back tracking,Data mining,Heuristic method,Performance modelling','2019-05-20 07:24:55',1,1,12);
/*!40000 ALTER TABLE `sow_learning_episode` ENABLE KEYS */;
UNLOCK TABLES;

--
-- Table structure for table `sow_learning_episode__has__ks123_pathway`
--

DROP TABLE IF EXISTS `sow_learning_episode__has__ks123_pathway`;
/*!40101 SET @saved_cs_client     = @@character_set_client */;
/*!40101 SET character_set_client = utf8 */;
CREATE TABLE `sow_learning_episode__has__ks123_pathway` (
  `id` int(11) NOT NULL AUTO_INCREMENT,
  `learning_episode_id` int(11) NOT NULL,
  `ks123_pathway_id` int(11) NOT NULL,
  PRIMARY KEY (`id`),
  KEY `fk_sow_learning_episode__has__ks123_pathway__learning_obje_idx` (`learning_episode_id`),
  KEY `fk_sow_learning_episode__has__ks123_pathway__ks123_pathway_idx` (`ks123_pathway_id`),
  CONSTRAINT `fk_sow_learning_episode__has__ks123_pathway__ks123_pathway_id` FOREIGN KEY (`ks123_pathway_id`) REFERENCES `sow_ks123_pathway` (`id`),
  CONSTRAINT `fk_sow_learning_episode__has__ks123_pathway__learning_obje_id` FOREIGN KEY (`learning_episode_id`) REFERENCES `sow_learning_episode` (`id`) ON DELETE CASCADE
) ENGINE=InnoDB AUTO_INCREMENT=33 DEFAULT CHARSET=utf8;
/*!40101 SET character_set_client = @saved_cs_client */;

--
-- Dumping data for table `sow_learning_episode__has__ks123_pathway`
--

LOCK TABLES `sow_learning_episode__has__ks123_pathway` WRITE;
/*!40000 ALTER TABLE `sow_learning_episode__has__ks123_pathway` DISABLE KEYS */;
INSERT INTO `sow_learning_episode__has__ks123_pathway` VALUES (14,147,27),(27,154,25),(28,48,25),(31,161,24),(32,167,151);
/*!40000 ALTER TABLE `sow_learning_episode__has__ks123_pathway` ENABLE KEYS */;
UNLOCK TABLES;

--
-- Table structure for table `sow_learning_episode__has__pathway`
--

DROP TABLE IF EXISTS `sow_learning_episode__has__pathway`;
/*!40101 SET @saved_cs_client     = @@character_set_client */;
/*!40101 SET character_set_client = utf8 */;
CREATE TABLE `sow_learning_episode__has__pathway` (
  `id` int(11) NOT NULL AUTO_INCREMENT,
  `learning_objective_id` int(11) DEFAULT NULL,
  `learning_episode_id` int(11) DEFAULT NULL,
  PRIMARY KEY (`id`),
  UNIQUE KEY `sow_learning_episode__has__pathways__unique__idx` (`learning_objective_id`,`learning_episode_id`),
  KEY `learning_objective_id__idx` (`learning_objective_id`),
  KEY `learning_episode_id__idx` (`learning_episode_id`),
  CONSTRAINT `sow_learning_objective__has__pathway_le` FOREIGN KEY (`learning_episode_id`) REFERENCES `sow_learning_episode` (`id`) ON DELETE CASCADE,
  CONSTRAINT `sow_learning_objective__has__pathway_lo` FOREIGN KEY (`learning_objective_id`) REFERENCES `sow_learning_objective` (`id`)
) ENGINE=InnoDB AUTO_INCREMENT=144 DEFAULT CHARSET=utf8;
/*!40101 SET character_set_client = @saved_cs_client */;

--
-- Dumping data for table `sow_learning_episode__has__pathway`
--

LOCK TABLES `sow_learning_episode__has__pathway` WRITE;
/*!40000 ALTER TABLE `sow_learning_episode__has__pathway` DISABLE KEYS */;
INSERT INTO `sow_learning_episode__has__pathway` VALUES (69,4,143),(97,6,131),(94,6,132),(66,6,143),(96,10,131),(95,10,132),(111,202,148),(112,204,148),(122,211,160),(123,213,160),(84,219,138),(21,219,140),(88,219,145),(20,220,140),(87,221,138),(22,221,140),(91,221,145),(86,222,138),(90,222,145),(85,223,138),(89,223,145),(143,248,172),(110,249,148),(136,249,163),(137,257,163),(138,258,163),(118,259,159),(140,259,163),(139,260,163),(113,261,148),(68,269,143),(65,270,143),(64,311,143),(35,312,142),(70,313,143),(71,314,143),(36,315,142),(67,315,143),(119,536,159),(141,536,171),(101,544,72),(117,556,64),(116,557,64);
/*!40000 ALTER TABLE `sow_learning_episode__has__pathway` ENABLE KEYS */;
UNLOCK TABLES;

--
-- Table structure for table `sow_learning_episode__has__references`
--

DROP TABLE IF EXISTS `sow_learning_episode__has__references`;
/*!40101 SET @saved_cs_client     = @@character_set_client */;
/*!40101 SET character_set_client = utf8 */;
CREATE TABLE `sow_learning_episode__has__references` (
  `id` int(11) NOT NULL AUTO_INCREMENT,
  `reference_id` int(11) NOT NULL,
  `learning_episode_id` int(11) NOT NULL,
  `page_notes` varchar(250) DEFAULT NULL,
  `page_url` varchar(2083) DEFAULT NULL,
  `task_icon` varchar(80) DEFAULT '',
  PRIMARY KEY (`id`),
  KEY `sow_learning_episode_has_references__has__learning_episode` (`learning_episode_id`),
  KEY `sow_learning_episode_has_references__has__reference` (`reference_id`),
  CONSTRAINT `sow_learning_episode_has_references__has__learning_episode` FOREIGN KEY (`learning_episode_id`) REFERENCES `sow_learning_episode` (`id`) ON DELETE CASCADE,
  CONSTRAINT `sow_learning_episode_has_references__has__reference` FOREIGN KEY (`reference_id`) REFERENCES `sow_reference` (`id`)
) ENGINE=InnoDB AUTO_INCREMENT=117 DEFAULT CHARSET=utf8;
/*!40101 SET character_set_client = @saved_cs_client */;

--
-- Dumping data for table `sow_learning_episode__has__references`
--

LOCK TABLES `sow_learning_episode__has__references` WRITE;
/*!40000 ALTER TABLE `sow_learning_episode__has__references` DISABLE KEYS */;
INSERT INTO `sow_learning_episode__has__references` VALUES (1,1,64,'Pages 6-8','',''),(2,1,116,'pg 157 - 161','',''),(3,1,118,'pages 162 - 164d','','fa-book'),(4,2,116,'OCR GCSE 2.6 Images','https://www.youtube.com/watch?v=ytNzrUJnfZI&index=79&t=0s&list=PLCiOXwirraUAvkTPDWeeSqAKty3LAG37-',''),(5,2,118,'OCR GCSE 2.6 Sound','https://student.craigndave.org/videos/ocr-gcse-slr2-6-sound','fa-film'),(6,7,144,'OCR A-Level HTML (also see CSS and Javascript)','https://www.youtube.com/watch?v=ybiP-0vmeJ8&t=0s&list=PLCiOXwirraUBj7HtVHfNZsnwjyZQj97da&index=64',''),(7,7,145,'OCR A-Level Data Structures Part 2 Graphs','https://youtu.be/n8419Rhc3_Q',''),(8,4,144,'Chapters 24 and 25 (pages 130 - 141)','',''),(9,4,145,'pages 209 - 213','',''),(10,4,148,'Pages 136 - 141','','fa-book'),(11,5,48,'Click start game','https://lightbot.lu/',''),(12,6,144,'HTML5 Tutorial (also see CSS Tutorial)','https://www.w3schools.com/html/default.asp',''),(13,6,148,'Javascript Introduction','https://www.w3schools.com/js/js_intro.asp','fa-balance-scale'),(14,7,145,'OCR A-Level Data Structures C,T,A,R Part 2 Graphs','https://youtu.be/IISF3uhRfeM',''),(15,10,147,'Open Scratch 2 from the desktop','',''),(16,11,147,'Scratch Lesson','http://teach-ict.com/2016/ks3/sows/sow17/s_lesson1.php',''),(17,13,146,'Introduction to networks','https://www.bbc.com/bitesize/guides/zc6rcdm/revision/1',''),(18,13,149,'The CPU and the fetch-execute cycle','https://www.bbc.com/bitesize/guides/zws8d2p/revision/1',''),(19,16,118,'Encoding audio and video','https://www.bbc.com/bitesize/guides/z7vc7ty/revision/1','fa-book'),(20,17,118,'Data Representation : Sound','https://teach-ict.com/2016/GCSE_Computing/OCR_J276/2_6_data_representation/sound/home_sound.html','fa-book,fa-film'),(21,18,154,'Available from Softronics','http://www.softronix.com/logo.html',''),(22,2,64,'Von Neumann Architecture','https://student.craigndave.org/videos/ocr-gcse-slr1-1-the-von-neumann-architecture',''),(23,11,149,'Introduction to the CPU','http://teach-ict.com/2016/ks3/sows/sow15/s_lesson2.php',''),(24,11,149,'Introduction to memory and storage','http://teach-ict.com/2016/ks3/sows/sow15/s_lesson3.php',''),(25,13,149,'CPU and memory','https://www.bbc.com/bitesize/guides/zmb9mp3/revision/9',''),(26,11,146,'Computer Networks','http://teach-ict.com/2016/ks3/sows/sow18/sow_menu.html',''),(27,4,155,'Pages 142 - 146','','fa-book'),(28,7,148,'OCR A-level Javascript','https://www.youtube.com/watch?v=hendPKhLh5k&list=PLCiOXwirraUBj7HtVHfNZsnwjyZQj97da&index=66&t=0s','fa-film'),(29,7,155,'PageRank algorithm example','https://youtu.be/hendPKhLh5k','fa-film'),(30,7,155,'Search engine indexing','https://youtu.be/Nz9YT0HvDpM','fa-film'),(31,7,155,'PageRank algorithm','https://youtu.be/82TEHLR0Jgk','fa-film'),(32,7,156,'Backtracking, Data mining and Heuristics','https://youtu.be/LPXgzIfjjPM',''),(33,4,156,'Pages 282 - 286','',''),(34,1,115,'Pages 156 - 157','','fa-book'),(35,2,115,'Data Represention : Characters','https://student.craigndave.org/videos/ocr-gcse-slr2-6-characters','fa-film'),(36,17,115,'Data Represention : Characters','https://teach-ict.com/2016/GCSE_Computing/OCR_J276/2_6_data_representation/characters/home_character.html','fa-book,fa-question'),(37,19,155,'Web search','https://teach-ict.com/2016/A_Level_Computing/OCR_H446/1_3_exchanging_data/134_searching/home_search.html','fa-book'),(38,19,148,'Web technologies - see sections 11 - 13','http://teach-ict.com/2016/A_Level_Computing/OCR_H446/1_3_exchanging_data/134_web_technologies/miniweb/index.php','fa-book'),(39,19,148,'Web technologies - questions','http://teach-ict.com/2016/A_Level_Computing/OCR_H446/1_3_exchanging_data/134_web_technologies/web_tasks/tasks.php','fa-question'),(40,17,115,'Characters Quiz','http://teach-ict.com/2016/GCSE_Computing/OCR_J276/2_6_data_representation/sound/quiz/quiz.php','fa-question'),(42,2,157,'Bubble sort','https://student.craigndave.org/videos/ocr-gcse-slr2-1-bubble-sort','fa-film'),(43,2,157,'Merge sort','https://student.craigndave.org/videos/ocr-gcse-slr2-1-merge-sort','fa-film'),(44,2,157,'Insertion sort','https://student.craigndave.org/videos/ocr-gcse-slr2-1-insertion-sort','fa-film'),(45,17,157,'Sorting algorithms','https://teach-ict.com/2016/GCSE_Computing/OCR_J276/2_1_algorithms/standard_sorting_algorithms/home_sort.html','fa-book,fa-question'),(47,2,158,'Linear search','https://student.craigndave.org/videos/ocr-gcse-slr2-1-linear-search','fa-film'),(48,2,158,'Binary search','https://student.craigndave.org/videos/ocr-gcse-slr2-1-binary-search','fa-film'),(49,16,94,'Algorithms and control flow','https://www.bbc.com/bitesize/guides/zrxncdm/revision/1','fa-book,fa-film,fa-question'),(50,2,94,'Arthmetic operators','https://student.craigndave.org/videos/ocr-gcse-slr2-2-the-common-arithmetic-operators','fa-film'),(51,2,94,'Programming constructs','https://student.craigndave.org/videos/ocr-gcse-slr2-2-the-use-of-the-three-basic-programming-constructs','fa-film'),(52,1,94,'Pages 119 - 122','','fa-book'),(53,17,94,'Sequence, Selection and Iteration','http://teach-ict.com/2016/GCSE_Computing/OCR_J276/2_2_programming_techniques/seq_iter_sel/home_seq_etc.html','fa-book,fa-film,fa-question'),(54,1,158,'Pages 106 - 110','','fa-book'),(55,1,157,'pages 110 to 115','','fa-book,fa-question'),(56,4,159,'Ch56 pg 303 - 312','','fa-book'),(58,7,159,'OCR A-Level Intro to programming - Part 3, procedures & functions','https://youtu.be/mOs8MEdM_VQ','fa-film'),(59,7,159,'OCR A-Level Functions and procedures','https://youtu.be/1vcCx1ndV2Q','fa-film'),(60,20,159,'Differences Between Passing an Argument By Value and By Reference (Visual Basic)','https://docs.microsoft.com/en-us/dotnet/visual-basic/programming-guide/language-features/procedures/differences-between-passing-an-argument-by-value-and-by-reference','fa-book'),(61,20,160,'What on Earth is Recursion? - Computerphile','https://youtu.be/Mv9NEXX1VHc','fa-film'),(62,7,160,'OCR A-Level Recursion','https://youtu.be/Czpkk2fS7go','fa-film'),(63,4,160,'Ch56 pg 307 -312','','fa-book'),(64,22,161,'Carry out the Mimic challenges using Flowol 4','','fa-group,fa-user'),(65,23,159,'Global and Local Variables','https://www.bbc.com/bitesize/guides/z2q6hyc/revision/3','fa-book'),(66,13,162,'Computer Misuse Act','https://www.bbc.com/bitesize/guides/zt8qtfr/revision/1','fa-book'),(67,1,100,'Pages 126 - 127','','fa-book'),(68,16,100,'Data Structures','https://www.bbc.com/bitesize/guides/z4tf9j6/revision/1',''),(69,17,100,'Introduction to Arrays','http://teach-ict.com/2016/GCSE_Computing/OCR_J276/2_2_programming_techniques/arrays_solve_problems/miniweb/index.php','fa-book'),(70,2,100,'The use of arrays','https://student.craigndave.org/videos/ocr-gcse-slr2-2-the-use-of-arrays',''),(71,13,168,'Online safety','https://www.bbc.com/bitesize/guides/z9p9kqt/revision/1','fa-book,fa-balance-scale'),(72,24,168,'Staying Secure Online','https://www.thinkuknow.co.uk/11_13/need-advice/staying-secure-online','fa-book,fa-balance-scale'),(73,16,169,'Queries and SQL','https://www.bbc.com/bitesize/guides/z37tb9q/revision/1','fa-user'),(74,1,169,'pages 129 - 131','','fa-book'),(76,2,169,'The use of SQL to search for data','https://youtu.be/YejAkhvh6N0','fa-film'),(79,2,169,'OCR GCSE 2.2 The use of records to store data','https://youtu.be/F3w0DOqhik4','fa-film'),(80,17,169,'Databases and SQL','http://www.teach-ict.com/2016/GCSE_Computing/OCR_J276/2_2_programming_techniques/databases_sql/miniweb/index.php','fa-book'),(81,25,169,'SQL Inner Join','https://www.w3schools.com/sql/sql_join_inner.asp','fa-user'),(82,2,103,'How to use subprograms','https://student.craigndave.org/videos/ocr-gcse-slr2-2-how-to-use-sub-programs','fa-film'),(83,1,103,'Pages 133 - 135','','fa-book,fa-question'),(84,17,103,'Introduction to sub-procedures and functions','http://www.teach-ict.com/2016/GCSE_Computing/OCR_J276/2_2_programming_techniques/functions_subs/miniweb/index.php','fa-book'),(85,7,170,'OCR Alevel Data Structures - Hash tables','https://student.craigndave.org/videos/ocr-alevel-slr14-data-structures-ctar-part-5-hash-tables','fa-film'),(86,4,170,'pages 204 - 208','','fa-book'),(87,26,170,'Python hash() function','https://www.programiz.com/python-programming/methods/built-in/hash','fa-book'),(88,27,170,'Hash tables and Hash functions','https://www.youtube.com/watch?v=KyUTuwz_b7Q','fa-film'),(89,28,170,'Python Linked List','https://www.tutorialspoint.com/python/python_linked_lists.htm','fa-book,fa-balance-scale'),(90,7,170,'OCR Alevel Data Structures - Linked lists','https://student.craigndave.org/videos/ocr-alevel-slr14-data-structures-part-1-linked-lists','fa-film'),(91,29,170,'Emulating container types','https://docs.python.org/3/reference/datamodel.html#emulating-container-types','fa-book,fa-balance-scale'),(92,30,160,'Python: Recursion Explained','https://youtu.be/wMNrSM5RFMc','fa-film'),(93,7,160,'Global and local variables','https://youtu.be/tfIZNOyF8yA','fa-film'),(94,31,160,'In functions do not directly access global variables','https://www.youtube.com/watch?v=35-aE5KntRc',''),(95,4,171,'Pages 133 - 135','','fa-book,fa-question'),(96,27,171,'How to use Subprograms','https://student.craigndave.org/videos/ocr-gcse-slr2-2-how-to-use-sub-programs','fa-film'),(97,4,172,'Queues - pages 184 - 189','','fa-book'),(98,4,172,'Stacks - pages 200 - 203','','fa-book'),(99,7,172,'OCR ALevel Stacks & queues','https://www.youtube.com/watch?v=78gBoIS9YVA','fa-film'),(100,4,173,'Caching - page 267','','fa-book'),(101,4,173,'Thinking Concurrently - page 275','','fa-book'),(102,7,173,'Thinking concurrently','https://youtu.be/Dz2KH-qfI_c','fa-film'),(103,7,173,'ALevel Caching','https://youtu.be/E9vLWiD90Sk','fa-film'),(104,4,138,'Pages 190 - 199','','fa-book'),(105,7,138,'Data Structures: Linked Lists Part 1','https://youtu.be/vHNdMEKC0ws','fa-film'),(106,7,138,'Data Structures C,T,A,R Part 1 Linked Lists','https://youtu.be/mfwA7swpG6k','fa-film'),(107,4,174,'Pages 358 - 362','','fa-book'),(108,7,174,'Dijkstras shortest path','https://youtu.be/cm1Zcinds_w','fa-film'),(109,35,174,'Dijkstra\"s Algorithm','https://youtu.be/GazC3A4OQTE','fa-film'),(110,35,174,'A* (A Star) Search Algorithm','https://youtu.be/ySN5Wnu88nE','fa-film'),(111,7,137,'OCR A-Level Paging, segmentation and virtual memory','https://youtu.be/e9klVeFgzMI','fa-film'),(112,4,137,'Page 31','','fa-book'),(113,27,137,'Segmented, Paged and Virtual Memory','https://youtu.be/p9yZNLeOj4s','fa-film'),(114,4,175,'The TCP/IP Protocol Stack - pages 122 - 123','','fa-book'),(115,7,175,'OCR A-Level TCP IP, DNS and Protocol Layers','https://student.craigndave.org/videos/ocr-alevel-slr11-tcp-ip-dns-protocol-layers','fa-film');
/*!40000 ALTER TABLE `sow_learning_episode__has__references` ENABLE KEYS */;
UNLOCK TABLES;

--
-- Table structure for table `sow_learning_episode__has__topics`
--

DROP TABLE IF EXISTS `sow_learning_episode__has__topics`;
/*!40101 SET @saved_cs_client     = @@character_set_client */;
/*!40101 SET character_set_client = utf8 */;
CREATE TABLE `sow_learning_episode__has__topics` (
  `id` int(11) NOT NULL AUTO_INCREMENT,
  `learning_episode_id` int(11) NOT NULL,
  `topic_id` int(11) NOT NULL,
  PRIMARY KEY (`id`),
  UNIQUE KEY `learning_episode_id` (`learning_episode_id`,`topic_id`),
  KEY `sow_learning_episode__has__topics__topic_id` (`topic_id`),
  CONSTRAINT `sow_learning_episode__has__topics__learning_episode_id` FOREIGN KEY (`learning_episode_id`) REFERENCES `sow_learning_episode` (`id`) ON DELETE CASCADE,
  CONSTRAINT `sow_learning_episode__has__topics__topic_id` FOREIGN KEY (`topic_id`) REFERENCES `sow_topic` (`id`)
) ENGINE=InnoDB AUTO_INCREMENT=770 DEFAULT CHARSET=utf8;
/*!40101 SET character_set_client = @saved_cs_client */;

--
-- Dumping data for table `sow_learning_episode__has__topics`
--

LOCK TABLES `sow_learning_episode__has__topics` WRITE;
/*!40000 ALTER TABLE `sow_learning_episode__has__topics` DISABLE KEYS */;
INSERT INTO `sow_learning_episode__has__topics` VALUES (588,48,35),(589,48,36),(590,48,37),(592,64,7),(460,65,8),(483,66,9),(461,67,10),(462,67,11),(463,68,11),(464,68,12),(465,68,13),(466,68,14),(555,72,15),(456,73,15),(457,73,16),(504,74,15),(505,74,17),(506,74,18),(503,75,18),(502,76,19),(501,77,20),(535,78,21),(729,79,18),(730,79,19),(731,79,20),(732,79,21),(527,80,19),(528,80,20),(529,80,21),(530,80,22),(531,80,23),(532,80,24),(533,80,25),(534,80,26),(525,81,24),(526,81,25),(733,82,27),(734,82,28),(735,82,29),(736,83,27),(737,83,28),(738,83,29),(739,85,24),(740,85,25),(741,85,26),(742,85,27),(743,85,28),(744,85,29),(724,86,30),(725,86,31),(726,86,32),(727,86,33),(728,86,34),(712,87,30),(713,87,31),(714,87,32),(715,87,33),(716,87,34),(717,88,32),(718,88,33),(719,89,30),(720,89,31),(721,89,32),(722,89,33),(723,89,34),(617,90,35),(618,90,36),(633,92,37),(706,93,38),(627,94,36),(628,94,37),(629,94,38),(630,94,39),(625,95,40),(626,95,41),(623,96,40),(624,96,41),(704,97,40),(705,97,41),(166,99,37),(644,100,43),(645,100,45),(753,101,46),(652,102,45),(653,103,48),(654,104,49),(749,105,51),(656,106,50),(657,106,51),(658,106,52),(659,106,53),(660,106,54),(661,106,55),(663,107,50),(664,107,51),(665,107,52),(666,108,53),(667,108,54),(668,108,55),(669,109,50),(670,109,51),(671,109,52),(672,109,53),(673,109,54),(674,109,55),(675,110,55),(676,111,56),(677,111,57),(678,112,56),(679,112,57),(607,113,58),(605,114,58),(606,114,59),(631,115,58),(632,115,60),(426,116,61),(568,118,64),(612,119,65),(680,120,66),(681,120,67),(682,121,66),(683,121,67),(684,122,67),(685,122,68),(686,123,66),(687,123,67),(688,123,68),(691,124,70),(692,124,71),(693,125,69),(694,125,70),(695,125,71),(700,126,69),(701,126,70),(702,126,71),(703,126,72),(193,127,69),(194,127,70),(195,127,71),(196,127,72),(189,128,69),(190,128,70),(191,128,71),(192,128,72),(185,129,69),(186,129,70),(187,129,71),(188,129,72),(470,131,7),(471,131,8),(472,131,9),(469,132,7),(473,133,7),(474,133,8),(475,133,9),(476,135,7),(477,135,9),(478,136,9),(479,136,10),(480,136,11),(767,137,31),(768,137,32),(415,138,39),(356,140,39),(523,141,40),(524,141,41),(363,142,41),(380,143,40),(381,143,41),(427,144,30),(416,145,39),(593,146,15),(594,146,17),(595,146,18),(596,146,20),(540,147,35),(541,147,36),(542,147,37),(543,147,38),(559,148,30),(566,149,7),(567,149,8),(585,154,35),(586,154,36),(587,154,37),(597,155,35),(598,155,36),(603,156,35),(604,156,36),(635,157,36),(636,158,36),(637,159,48),(638,160,48),(640,161,36),(641,162,67),(648,163,49),(745,164,49),(747,165,49),(748,166,49),(750,167,30),(751,168,27),(752,169,46),(756,170,36),(757,171,48),(758,172,39),(760,173,48),(763,174,39),(764,175,25),(769,176,35);
/*!40000 ALTER TABLE `sow_learning_episode__has__topics` ENABLE KEYS */;
UNLOCK TABLES;

--
-- Table structure for table `sow_learning_episode_reference`
--

DROP TABLE IF EXISTS `sow_learning_episode_reference`;
/*!40101 SET @saved_cs_client     = @@character_set_client */;
/*!40101 SET character_set_client = utf8 */;
CREATE TABLE `sow_learning_episode_reference` (
  `reference_id` int(11) NOT NULL AUTO_INCREMENT,
  `learning_episode_id` int(11) NOT NULL,
  `pages` varchar(30) DEFAULT NULL,
  `uri` varchar(2083) DEFAULT '',
  PRIMARY KEY (`reference_id`,`learning_episode_id`),
  KEY `sow_learning_episode_reference__has__learning_episode` (`learning_episode_id`),
  CONSTRAINT `sow_learning_episode_reference__has__learning_episode` FOREIGN KEY (`learning_episode_id`) REFERENCES `sow_learning_episode` (`id`),
  CONSTRAINT `sow_learning_episode_reference__has__reference` FOREIGN KEY (`reference_id`) REFERENCES `sow_reference` (`id`)
) ENGINE=InnoDB DEFAULT CHARSET=utf8;
/*!40101 SET character_set_client = @saved_cs_client */;

--
-- Dumping data for table `sow_learning_episode_reference`
--

LOCK TABLES `sow_learning_episode_reference` WRITE;
/*!40000 ALTER TABLE `sow_learning_episode_reference` DISABLE KEYS */;
/*!40000 ALTER TABLE `sow_learning_episode_reference` ENABLE KEYS */;
UNLOCK TABLES;

--
-- Table structure for table `sow_learning_objective`
--

DROP TABLE IF EXISTS `sow_learning_objective`;
/*!40101 SET @saved_cs_client     = @@character_set_client */;
/*!40101 SET character_set_client = utf8 */;
CREATE TABLE `sow_learning_objective` (
  `id` int(11) NOT NULL AUTO_INCREMENT,
  `description` varchar(1000) NOT NULL,
  `notes` varchar(4000) DEFAULT '',
  `key_words` varchar(1000) DEFAULT '',
  `solo_taxonomy_id` int(11) DEFAULT NULL,
  `topic_id` int(11) NOT NULL,
  `content_id` int(11) NOT NULL,
  `exam_board_id` int(11) DEFAULT NULL,
  `parent_id` int(11) DEFAULT NULL,
  `group_name` varchar(15) DEFAULT NULL,
  `created` datetime NOT NULL DEFAULT '0000-00-00 00:00:00',
  `created_by` int(10) unsigned NOT NULL DEFAULT '0',
  `published` tinyint(4) NOT NULL DEFAULT '1',
  PRIMARY KEY (`id`),
  KEY `fk_sow_learning_objective_topic1_idx` (`topic_id`),
  KEY `fk_sow_learning_objective_content_idx` (`content_id`),
  KEY `fk_sow_learning_objective_solo_taxonomy1_idx` (`solo_taxonomy_id`),
  KEY `fk_sow_learning_objective_exam_board1_idx` (`exam_board_id`),
  KEY `fk_sow_learning_objective_parent_id` (`parent_id`),
  CONSTRAINT `fk_sow_learning_objective_content` FOREIGN KEY (`content_id`) REFERENCES `sow_content` (`id`),
  CONSTRAINT `fk_sow_learning_objective_exam_board` FOREIGN KEY (`exam_board_id`) REFERENCES `sow_exam_board` (`id`),
  CONSTRAINT `fk_sow_learning_objective_parent_id` FOREIGN KEY (`parent_id`) REFERENCES `sow_learning_objective` (`id`),
  CONSTRAINT `fk_sow_learning_objective_solo_taxonomy` FOREIGN KEY (`solo_taxonomy_id`) REFERENCES `sow_solo_taxonomy` (`id`),
  CONSTRAINT `fk_sow_learning_objective_topic` FOREIGN KEY (`topic_id`) REFERENCES `sow_topic` (`id`)
) ENGINE=InnoDB AUTO_INCREMENT=632 DEFAULT CHARSET=utf8;
/*!40101 SET character_set_client = @saved_cs_client */;

--
-- Dumping data for table `sow_learning_objective`
--

LOCK TABLES `sow_learning_objective` WRITE;
/*!40000 ALTER TABLE `sow_learning_objective` DISABLE KEYS */;
INSERT INTO `sow_learning_objective` VALUES (1,'Describe the term hardware','','',2,9,9,3,NULL,NULL,'2018-11-02 05:33:00',1,1),(2,'Describe the difference between early and modern computers','','',2,9,11,3,NULL,NULL,'2018-11-02 05:33:00',1,1),(3,'Explain the purpose of memory in terms of Von Neumann architecture','\r\n\r\n\r\n','Memory, Current Instruction Register (CIR), Memory Address Register (MAR), Memory Data Register (MDR), Memory Data Register (MDR), Random Access Memory (RAM)',2,7,9,3,NULL,'','2018-11-02 05:33:00',1,1),(4,'Describe the purpose of the Central Processing Unit (CPU)','\r\n\r\n','Central Processing Unit (CPU), Registers, Memory, Random Access Memory (RAM)',2,7,9,3,NULL,'','2018-11-02 05:33:00',1,1),(5,'Describe the Fetch-Decode-Execute cycle','When a program is run a list of instructions are loaded into RAM. The processor fetches each instruction, decodes it and executes it.\r\n','',2,7,9,3,NULL,'','2018-11-02 05:33:00',1,1),(6,'Give the names of different CPU components: ALU, ACC, CIR, MAR, MDR, PC','\r\n\r\n\r\n\r\n\r\n','Current Instruction Register (CIR), Program Counter (PC), Central Processing Unit (CPU), Registers, Memory, Arithemtic Logic Unit (ALU), Accumulator (ACC), Memory Address Register (MAR), Accumulator (ACC)',1,7,9,3,NULL,'','2018-11-02 05:33:00',1,1),(7,'Describe the purpose of the CPU components: ALU, ACC, CIR, MAR, MDR, PC','','',2,7,9,3,NULL,NULL,'2018-11-02 05:33:00',1,1),(8,'Explain the purpose of cache memory','','',3,7,9,3,NULL,NULL,'2018-11-02 05:33:00',1,1),(9,'Explain what is meant by clock speed','','',2,7,9,3,NULL,NULL,'2018-11-02 05:33:00',1,1),(10,'Name factors that improve CPU performance (Processor Speed, Bus Speed, Cache, Cores)','\r\n\r\n\r\n','Central Processing Unit (CPU), Buses, Control bus, Address bus, Data bus, Cache, Multi-core',1,7,9,3,NULL,'','2018-11-02 05:33:00',1,1),(11,'Explain how different factors improve CPU performance','','',2,8,9,3,NULL,NULL,'2018-11-02 05:33:00',1,1),(12,'Expain the purpose of RAM and ROM','','',3,8,9,3,NULL,NULL,'2018-11-02 05:33:00',1,1),(13,'What is meant by dual core and quad core','\r\n\r\n','Multi-core, Central Processing Unit (CPU), Chip MultiProcessor (CMP)',1,7,9,3,NULL,'','2018-11-02 05:33:00',1,1),(14,'Name the different types of computer systems (General-purpose, Dedicated systems, control systems)','','',1,9,8,3,NULL,NULL,'2018-11-02 05:33:00',1,1),(15,'Describe the purpose of different types of computer systems.','','',2,9,8,3,NULL,NULL,'2018-11-02 05:33:00',1,1),(16,'Describe a embedded system','','',2,9,8,3,NULL,NULL,'2018-11-02 05:33:00',1,1),(17,'Explain the advantage of an embedded system over a general-purpose system.','','',3,9,8,3,NULL,NULL,'2018-11-02 05:33:00',1,1),(18,'Calculate the number of bytes in a kilobyte/megabyte/gigabyte','','',1,8,11,3,NULL,NULL,'2018-11-02 05:33:00',1,1),(19,'Name the acronym RAM','','',1,8,11,3,NULL,NULL,'2018-11-02 05:33:00',1,1),(20,'Give another name for solid-state memory','','',1,8,11,3,NULL,NULL,'2018-11-02 05:33:00',1,1),(21,'Describe what is meant by volatile memory','','',2,8,11,3,NULL,NULL,'2018-11-02 05:33:00',1,1),(22,'Explain how RAM can make programs faster','','',3,8,11,3,NULL,NULL,'2018-11-02 05:33:00',1,1),(23,'List the different types of memory in order of speed','','',2,8,11,3,NULL,NULL,'2018-11-02 05:33:00',1,1),(24,'Name the acronym ROM','','',1,8,11,3,NULL,NULL,'2018-11-02 05:33:00',1,1),(25,'Describe what is meant by Read-Only Memory','','',2,8,11,3,NULL,NULL,'2018-11-02 05:33:00',1,1),(26,'Describe the difference between ROM and RAM','','',3,8,11,3,NULL,NULL,'2018-11-02 05:33:00',1,1),(27,'Identify the name for the type of storage when the computer does not have enough space in RAM','','',1,8,11,3,NULL,NULL,'2018-11-02 05:33:00',1,1),(28,'Describe what happens when there is not enough storage in RAM','','',2,8,11,3,NULL,NULL,'2018-11-02 05:33:00',1,1),(29,'Expain the effect of switching between RAM and using Virtual Memory','','',3,8,11,3,NULL,NULL,'2018-11-02 05:33:00',1,1),(30,'Draw the relationship between Virtual Memory, Main memory, Cache and the CPU.','','',2,8,9,3,NULL,NULL,'2018-11-02 05:33:00',1,1),(31,'Explain the effect of adding more RAM','','',3,8,11,3,NULL,NULL,'2018-11-02 05:33:00',1,1),(32,'Explain the purpose of secondary storage','','',3,11,10,3,NULL,NULL,'2018-11-02 05:33:00',1,1),(33,'Identify and name the types of Secondary storage','','',1,11,10,3,NULL,NULL,'2018-11-02 05:33:00',1,1),(34,'Describe how information is stored in flash memory','','',2,12,10,3,NULL,NULL,'2018-11-02 05:33:00',1,1),(35,'Describe how information is stored using magnetic storage','','',2,13,10,3,NULL,NULL,'2018-11-02 05:33:00',1,1),(36,'Explain the advantage of magnetic storage','','',3,13,10,3,NULL,NULL,'2018-11-02 05:33:00',1,1),(37,'List the different layers used in rewritable optical disks','','',2,14,10,3,NULL,NULL,'2018-11-02 05:33:00',1,1),(38,'Describe how data is written to a rewritable optical disk','','',2,14,10,3,NULL,NULL,'2018-11-02 05:33:00',1,1),(39,'Compare and describe the requirements for different types of optical storage','','',3,14,10,3,NULL,NULL,'2018-11-02 05:33:00',1,1),(40,'Identify a flash memory device','','',1,12,10,3,NULL,NULL,'2018-11-02 05:33:00',1,1),(41,'Explain the advantages and disadvantages of solid-state drives over magnetic drive','','',3,11,10,3,NULL,NULL,'2018-11-02 05:33:00',1,1),(42,'Calculate the amount of storage required for given data','','',3,11,10,3,NULL,NULL,'2018-11-02 05:33:00',1,1),(43,'Justify the reasons for a choosing a type of secondary storage','','',3,11,10,3,NULL,NULL,'2018-11-02 05:33:00',1,1),(44,'List the considerations for selecting secondary storage','','',2,11,10,3,NULL,NULL,'2018-11-02 05:33:00',1,1),(45,'List the benefits of a network','\r\n','',2,15,12,3,NULL,'','2018-11-02 05:33:00',1,1),(46,'Define the term Network','\r\n\r\n','Wide Area Network (WAN), Local Area Network (LAN), Network',1,15,12,3,NULL,'','2018-11-02 05:33:00',1,1),(47,'List the different types of network','\r\n\r\n','Wide Area Network (WAN), Local Area Network (LAN), Personal Area Network (PAN), Storage Area Network (SAN), Virtual Private Network (VPN)',2,15,12,3,NULL,'','2018-11-02 05:33:00',1,1),(48,'Describe given types of network','','',2,15,12,3,NULL,NULL,'2018-11-02 05:33:00',1,1),(49,'Explain what is meant by a VPN','','',3,16,12,3,NULL,NULL,'2018-11-02 05:33:00',1,1),(50,'Identify different network connections (UTP, Fibre-optic, wireless).','\r\n\r\n\r\n','Fibre-optic, Wireless, Wifi, Unshielded Twisted Pair (UTP)',1,19,12,3,NULL,'Connectivity','2018-11-02 05:33:00',1,1),(51,'Describe different network connections','\r\n\r\n','',2,17,12,3,NULL,'Connections','2018-11-02 05:33:00',1,1),(52,'Explain how Fibre-optic cable transmits data.','\r\n\r\n','',3,17,12,3,NULL,'Connections','2018-11-02 05:33:00',1,1),(53,'Give reasons why Fibre-optic cable has an advantage over UTP (Unshielded Twisted Pair)','\r\n\r\n','',3,17,12,3,NULL,'Connections','2018-11-02 05:33:00',1,1),(54,'Define the term client-server','','',1,18,12,3,NULL,NULL,'2018-11-02 05:33:00',1,1),(55,'Identify the services provided by a client server network.','','',1,18,12,3,NULL,NULL,'2018-11-02 05:33:00',1,1),(56,'Identify the nodes on a client-server network','','',1,18,12,3,NULL,NULL,'2018-11-02 05:33:00',1,1),(57,'List different types of server used in a client-server network','','',2,18,12,3,NULL,NULL,'2018-11-02 05:33:00',1,1),(58,'Give an example of a service provide by a server in a client-server network (Email, Web, Database)','','',1,18,12,3,NULL,NULL,'2018-11-02 05:33:00',1,1),(59,'Explain components delivered to the user from a web-server','','',3,18,12,3,NULL,NULL,'2018-11-02 05:33:00',1,1),(60,'Define the term peer-to-peer network','','',1,18,12,3,NULL,NULL,'2018-11-02 05:33:00',1,1),(61,'Describe the advantages and disadvantages of a peer-to-peer network','','',2,18,12,3,NULL,NULL,'2018-11-02 05:33:00',1,1),(62,'Explain the illegal implication of file sharing on a peer-to-peer network','','',3,18,12,3,NULL,NULL,'2018-11-02 05:33:00',1,1),(63,'Define the term Ethernet','','',1,18,12,3,NULL,NULL,'2018-11-02 05:33:00',1,1),(64,'Define the term WiFi','','',1,18,12,3,NULL,NULL,'2018-11-02 05:33:00',1,1),(65,'List two common standards for networks (Ethernet, WiFi)','','',2,18,12,3,NULL,NULL,'2018-11-02 05:33:00',1,1),(66,'Describe the Network Interface Controller (NIC)','','',2,18,12,3,NULL,NULL,'2018-11-02 05:33:00',1,1),(67,'Describe how the Network Interface Controller (NIC) is used for sending and receiving messages on the network.','\r\n\r\n','Network Interface Card (NIC)',2,19,12,3,NULL,'Connectivity','2018-11-02 05:33:00',1,1),(68,'Identify the device used to connect a wireless-enabled device, such as a laptop or tablet, to a wireless network.','\r\n','',1,19,12,3,NULL,'Connectivity','2018-11-02 05:33:00',1,1),(69,'Identify different network hardware (NIC, Wireless Access Point, Router, Hub, Switch)','\r\n\r\n\r\n\r\n','Router, Hub, Switch, Network Interface Card (NIC), Wireless access point',1,19,12,3,NULL,'Hardware','2018-11-02 05:33:00',1,1),(70,'Describe how different devices are connected together on a network.','\r\n\r\n','Router, Switch, Hub, Unshielded Twisted Pair (UTP), Network Interface Card (NIC)',2,19,12,3,NULL,'Connectivity','2018-11-02 05:33:00',1,1),(71,'Give reasons for selecting a hub or a switch','\r\n\r\n','Hub, Switch',3,19,12,3,NULL,'Hardware','2018-11-02 05:33:00',1,1),(72,'Identify different network layouts (Star, Mesh, Bus, Ring) ','','',1,20,12,3,NULL,NULL,'2018-11-02 05:33:00',1,1),(73,'Describe the advantage of a Star Topology','','',2,20,12,3,NULL,NULL,'2018-11-02 05:33:00',1,1),(74,'Describe the advantage of a Mesh Topology','','',2,20,12,3,NULL,NULL,'2018-11-02 05:33:00',1,1),(75,'Describe the difference between a full mesh and partial mesh topology ','','',2,20,12,3,NULL,NULL,'2018-11-02 05:33:00',1,1),(76,'Explain how a message is transmitted through different topologies','','',3,23,12,3,NULL,NULL,'2018-11-02 05:33:00',1,1),(77,'List wavebands used in WiFi.','','',2,23,12,3,NULL,NULL,'2018-11-02 05:33:00',1,1),(78,'Explain how channels work across a given bandwidth','','',3,23,12,3,NULL,NULL,'2018-11-02 05:33:00',1,1),(79,'Describe the vulnerability of a Wireless network','','',2,23,12,3,NULL,NULL,'2018-11-02 05:33:00',1,1),(80,'Define the term encryption','','',1,21,12,3,NULL,NULL,'2018-11-02 05:33:00',1,1),(81,'Describe how basic encryption (Caesar cipher) is used to transform a message','','',2,21,12,3,NULL,NULL,'2018-11-02 05:33:00',1,1),(82,'List the steps to encrypt a message using assymmetric key encryption','','',2,21,12,3,NULL,NULL,'2018-11-02 05:33:00',1,1),(83,'Explain why encryption is important in the exchange of messages over a network','','',3,21,12,3,NULL,NULL,'2018-11-02 05:33:00',1,1),(84,'Create an algorithm to encrypt a message','','',4,21,12,3,NULL,NULL,'2018-11-02 05:33:00',1,1),(85,'Define the term protocol','','',1,23,12,3,NULL,NULL,'2018-11-02 05:33:00',1,1),(86,'Describe the purpose of using protocols','','',2,23,12,3,NULL,NULL,'2018-11-02 05:33:00',1,1),(87,'Name the main network addressing protocols','','',1,22,12,3,NULL,NULL,'2018-11-02 05:33:00',1,1),(88,'Describe the format used for the main network address protocols (MAC address and IP address)','','',2,22,12,3,NULL,NULL,'2018-11-02 05:33:00',1,1),(89,'Describe how devices are assign an IP address (DHCP)','','',2,22,12,3,NULL,NULL,'2018-11-02 05:33:00',1,1),(90,'Name common protocols used on the internet (HTML, XML, HTTP, HTTPS, POP, IMAP, SMTP, FTP)','','',1,23,12,3,NULL,NULL,'2018-11-02 05:33:00',1,1),(91,'Describe the common protocols used on the internet (HTML, XML, HTTP, HTTPS, POP, IMAP, SMTP, FTP)','','',2,23,12,3,NULL,NULL,'2018-11-02 05:33:00',1,1),(92,'Define the term TCP/IP','','',1,23,12,3,NULL,NULL,'2018-11-02 05:33:00',1,1),(93,'Define the term protocol','','',1,23,12,3,NULL,NULL,'2018-11-02 05:33:00',1,1),(94,'Name the layers in the TCP/IP stack','','',1,24,12,3,NULL,NULL,'2018-11-02 05:33:00',1,1),(95,'Describe the purpose of each layer in the TCP/IP stack','','',2,24,12,3,NULL,NULL,'2018-11-02 05:33:00',1,1),(96,'Explain what might happen if the network protocols are not used when message are send over the network','','',3,23,12,3,NULL,NULL,'2018-11-02 05:33:00',1,1),(97,'Define the terms Encapsulation and De-encapsulation','','',1,24,12,3,NULL,NULL,'2018-11-02 05:33:00',1,1),(98,'Describe the process of encapsulation of data in the TCP/IP stack','','',2,24,12,3,NULL,NULL,'2018-11-02 05:33:00',1,1),(99,'Define the term Ethernet','','',1,23,12,3,NULL,NULL,'2018-11-02 05:33:00',1,1),(100,'Define the term frame','','',1,23,12,3,NULL,NULL,'2018-11-02 05:33:00',1,1),(101,'Define the term CMSA/CD','','',1,23,12,3,NULL,NULL,'2018-11-02 05:33:00',1,1),(102,'Describe how frames are constructed','','',2,23,12,3,NULL,NULL,'2018-11-02 05:33:00',1,1),(103,'Describe how collission detection may occur','','',2,23,12,3,NULL,NULL,'2018-11-02 05:33:00',1,1),(104,'Explain how the length of an ethernet cable affects performance','\r\n\r\n','Unshielded Twisted Pair (UTP), Ethernet, Fibre-optic',3,19,12,3,NULL,'Hardware','2018-11-02 05:33:00',1,1),(105,'Desribe the difference between simplex, duplex and full duplex communication','\r\n\r\n','Simplex, Duplex, Full duplex',3,19,12,3,NULL,'Connectivity','2018-11-02 05:33:00',1,1),(106,'Define the term packet','','',1,23,12,3,NULL,NULL,'2018-11-02 05:33:00',1,1),(107,'Identify different parts of a packet','','',2,23,12,3,NULL,NULL,'2018-11-02 05:33:00',1,1),(108,'Explain how a packet is structured','','',3,23,12,3,NULL,NULL,'2018-11-02 05:33:00',1,1),(109,'Define the term CRC','','',1,23,12,3,NULL,NULL,'2018-11-02 05:33:00',1,1),(110,'Explain how CRC ensures data is not corrupted','','',3,23,12,3,NULL,NULL,'2018-11-02 05:33:00',1,1),(111,'Define the term routing','','',1,23,12,3,NULL,NULL,'2018-11-02 05:33:00',1,1),(112,'Identify two methods used to route data on a network ','','',1,23,12,3,NULL,NULL,'2018-11-02 05:33:00',1,1),(113,'Explain the difference between circuit switching and packet switching','','',3,23,12,3,NULL,NULL,'2018-11-02 05:33:00',1,1),(114,'Define the term hacking','','',1,25,13,3,NULL,NULL,'2018-11-02 05:33:00',1,1),(115,'Describe one motive for hacking','','',2,25,13,3,NULL,NULL,'2018-11-02 05:33:00',1,1),(116,'Give two motives for hacking','','',2,25,13,3,NULL,NULL,'2018-11-02 05:33:00',1,1),(117,'Describe how people contribute to weakness in network security','','',2,25,13,3,NULL,NULL,'2018-11-02 05:33:00',1,1),(118,'Describe what should be included a basic security policy','','',2,26,13,3,NULL,NULL,'2018-11-02 05:33:00',1,1),(119,'List four areas that should be included in a security policy','','',2,26,13,3,NULL,NULL,'2018-11-02 05:33:00',1,1),(120,'Explain what should be included in areas of the network policy','','',3,26,13,3,NULL,NULL,'2018-11-02 05:33:00',1,1),(121,'Give one example of data that should be restricted ','','',3,26,13,3,NULL,NULL,'2018-11-02 05:33:00',1,1),(122,'Define the term malware','','',1,25,13,3,NULL,NULL,'2018-11-02 05:33:00',1,1),(123,'Give three examples of malware','','',2,25,13,3,NULL,NULL,'2018-11-02 05:33:00',1,1),(124,'Describe three strategies for protecting against malware','','',2,25,13,3,NULL,NULL,'2018-11-02 05:33:00',1,1),(125,'Explain two methods that a hacker may use to access a user account','','',3,25,13,3,NULL,NULL,'2018-11-02 05:33:00',1,1),(126,'Define the term phishing','','',1,25,13,3,NULL,NULL,'2018-11-02 05:33:00',1,1),(127,'Define the term Denial of Service (DoS)','','',1,25,13,3,NULL,NULL,'2018-11-02 05:33:00',1,1),(128,'Describe how a Denial of Service attack prevents anyone using the resource ','','',2,25,13,3,NULL,NULL,'2018-11-02 05:33:00',1,1),(129,'Define the term Packet Sniffing','','',1,25,13,3,NULL,NULL,'2018-11-02 05:33:00',1,1),(130,'What protocol can be used to prevent Packet Sniffing','','',1,25,13,3,NULL,NULL,'2018-11-02 05:33:00',1,1),(131,'Define the term SQL Injection','','',1,25,13,3,NULL,NULL,'2018-11-02 05:33:00',1,1),(132,'Describe how SQL Injection attack is carried out','','',2,25,13,3,NULL,NULL,'2018-11-02 05:33:00',1,1),(133,'Describe how a validation check could be applied to avoid SQL injection 1=1 technique','','',3,25,13,3,NULL,NULL,'2018-11-02 05:33:00',1,1),(134,'Define the term firewall','\r\n\r\n','Firewall',1,19,13,3,NULL,'Hardware','2018-11-02 05:33:00',1,1),(135,'Give two places where a firewall can be installed','\r\n\r\n','Firewall',2,19,13,3,NULL,'Hardware','2018-11-02 05:33:00',1,1),(136,'Describe how a firewall prevents unauthorised traffic','\r\n\r\n','Firewall',2,19,13,3,NULL,'Hardware','2018-11-02 05:33:00',1,1),(137,'Define the term internet','','',1,28,12,3,NULL,NULL,'2018-11-02 05:33:00',1,1),(138,'List four services that run on the internet','','',2,28,12,3,NULL,NULL,'2018-11-02 05:33:00',1,1),(139,'Define the term DNS','','',1,28,12,3,NULL,NULL,'2018-11-02 05:33:00',1,1),(140,'Describe how DNS is used for easy to remember domain names','','',2,28,12,3,NULL,NULL,'2018-11-02 05:33:00',1,1),(141,'Construct a heirarchical diagram to show how urls form part of a naming system','','',2,28,12,3,NULL,NULL,'2018-11-02 05:33:00',1,1),(142,'Define the term cloud','','',1,28,12,3,NULL,NULL,'2018-11-02 05:33:00',1,1),(143,'Give two advantages of using cloud services','','',2,28,12,3,NULL,NULL,'2018-11-02 05:33:00',1,1),(144,'Give one disadvantages of using cloud services','','',2,28,12,3,NULL,NULL,'2018-11-02 05:33:00',1,1),(145,'Define the term Virtual Network','','',1,28,12,3,NULL,NULL,'2018-11-02 05:33:00',1,1),(146,'Describe how a Virtual Network might be implemented','','',2,28,12,3,NULL,NULL,'2018-11-02 05:33:00',1,1),(147,'Define the term Program','','',1,29,8,3,NULL,NULL,'2018-11-02 05:33:00',1,1),(148,'Desribe the term Platform','','',2,29,8,3,NULL,NULL,'2018-11-02 05:33:00',1,1),(149,'Define the term Application','','',1,29,8,3,NULL,NULL,'2018-11-02 05:33:00',1,1),(150,'Define the term Utility Program','','',1,29,8,3,NULL,NULL,'2018-11-02 05:33:00',1,1),(151,'Define the term Software','','',1,29,8,3,NULL,NULL,'2018-11-02 05:33:00',1,1),(152,'Define the term Programming Language','','',1,29,8,3,NULL,NULL,'2018-11-02 05:33:00',1,1),(153,'Define the term Instructions','','',1,29,8,3,NULL,NULL,'2018-11-02 05:33:00',1,1),(154,'Describe what is meant by a computer program?','','',2,29,8,3,NULL,NULL,'2018-11-02 05:33:00',1,1),(155,'Explain the difference between an application and system software','','',3,29,8,3,NULL,NULL,'2018-11-02 05:33:00',1,1),(156,'Explain the advantages of obtaining software from an online repository','','',3,29,8,3,NULL,NULL,'2018-11-02 05:33:00',1,1),(157,'State two actions that are carried out by package management utility','','',2,29,8,3,NULL,NULL,'2018-11-02 05:33:00',1,1),(158,'Explain the advantages of the Operating System','\r\n','',3,32,8,3,NULL,'','2018-11-02 05:33:00',1,1),(159,'Give six purposes of the Operating System','\r\n','',2,32,8,3,NULL,'','2018-11-02 05:33:00',1,1),(160,'Explain the purpose of the kernel','\r\n','',3,32,8,3,NULL,'','2018-11-02 05:33:00',1,1),(161,'Define the purpose of the command line','\r\n','',1,32,8,3,NULL,'','2018-11-02 05:33:00',1,1),(162,'Define how a network technicians could run multiple actions using the command line','\r\n','',1,31,8,3,NULL,'','2018-11-02 05:33:00',1,1),(163,'Explain two advantages of using a Graphical User Interface (GUI) over the command line','\r\n\r\n','',3,34,8,3,NULL,'','2018-11-02 05:33:00',1,1),(164,'Give the names of three operating systems','\r\n','',2,32,8,3,NULL,'','2018-11-02 05:33:00',1,1),(165,'Describe the purpose and advantage of a Dynamic Link Library (DLL) file.','\r\n','Dynamic Link Libraries (DLL)',2,33,8,3,NULL,'','2018-11-02 05:33:00',1,1),(166,'Name two types of libraries','\r\n\r\n\r\n','Dynamic Link Libraries (DLL), Static libraries',1,33,8,3,NULL,'','2018-11-02 05:33:00',1,1),(167,'Describe how manufacturers use Unix','\r\n','',2,32,8,3,NULL,'','2018-11-02 05:33:00',1,1),(168,'Name two operating systems designed to work with mobile phones','\r\n','',1,32,8,3,NULL,'','2018-11-02 05:33:00',1,1),(169,'Describe the difference between Linux and Unix','\r\n','',3,32,8,3,NULL,'','2018-11-02 05:33:00',1,1),(170,'Define the term firmware','\r\n','',1,32,8,3,NULL,'','2018-11-02 05:33:00',1,1),(171,'Explain how multi-tasking allows more than one program to run','','',3,30,8,3,NULL,NULL,'2018-11-02 05:33:00',1,1),(172,'Give one example of a real time operating system','\r\n','',1,32,8,3,NULL,'','2018-11-02 05:33:00',1,1),(173,'Identify file permissions for owner, group and all users','\r\n','',1,34,8,3,NULL,'','2018-11-02 05:33:00',1,1),(174,'Explain how an Operating System manages free memory','\r\n','',3,32,8,3,NULL,'','2018-11-02 05:33:00',1,1),(175,'Explain how the operating system manages peripheral devices','\r\n','',3,32,8,3,NULL,NULL,'2018-11-02 05:33:00',1,1),(176,'Describe how the operating system uses interrupt codes','\r\n\r\n','Interrupt code, Operating System (OS)',1,7,8,3,NULL,'','2018-11-02 05:33:00',1,1),(177,'Define the term disk fragmenter','','',1,32,8,3,NULL,NULL,'2018-11-02 05:33:00',1,1),(178,'Describe how a disk can become fragmented','','',2,32,8,3,NULL,NULL,'2018-11-02 05:33:00',1,1),(179,'Name six types of utility software','','',2,32,8,3,NULL,NULL,'2018-11-02 05:33:00',1,1),(180,'Define the terms computer virus, worm, trojan horse, spyware, adware, keylogger','','',1,32,8,3,NULL,NULL,'2018-11-02 05:33:00',1,1),(181,'Name five types of malicious programs','','',2,32,8,3,NULL,NULL,'2018-11-02 05:33:00',1,1),(182,'Define the term backup','','',1,32,8,3,NULL,NULL,'2018-11-02 05:33:00',1,1),(183,'Explain the difference between full backup, incremental backup and differential backup','','',3,32,8,3,NULL,NULL,'2018-11-02 05:33:00',1,1),(184,'Define the term Computational Thinking','\r\n\r\n','Computational Thinking',1,35,2,3,NULL,'','2018-11-02 05:33:00',1,1),(185,'Describe how computational thinking helps to solve problems','\r\n','Abstraction,Decomposition,Computational Thinking,Pattern recognition,Algorithm',2,35,2,3,NULL,'','2018-11-02 05:33:00',1,1),(186,'List the four stages of problem solving','1. Analyse \r\n2. Plan \r\n3. Execute \r\n4. Review','Decomposition,Abstraction,Pattern recognition',2,35,2,3,NULL,'','2018-11-02 05:33:00',1,1),(187,'Define the term abstraction','\r\n','Abstraction',1,35,2,3,NULL,'','2018-11-02 05:33:00',1,1),(188,'Give seven examples of abstraction','1. Variables\r\n2. Functions\r\n3. Network Layers\r\n4. Database entities\r\n5. Maps\r\n6. Business structure\r\n7. Money\r\n','Abstraction',2,35,2,3,NULL,'None','2018-11-02 05:33:00',1,1),(189,'Define the term Decomposition','\r\n','Decomposition',1,35,2,3,NULL,'','2018-11-02 05:33:00',1,1),(190,'Explain using an example how decompostion is used to solve a problem','The process of decomposition is breaking down a problem into component parts and solving each part of the problem. An example of decomposition is the design of a building. First of all looking at the whole structure of the building, then designing the foundations, individual rooms, electrical wiring, plumbing and heating.\r\n','',3,35,2,3,NULL,'','2018-11-02 05:33:00',1,1),(191,'Define the term Pattern Recognition','\r\n','Pattern recognition',1,35,2,3,NULL,'','2018-11-02 05:33:00',1,1),(192,'Describe using an example how pattern recognition is used to solve a problem','\r\n','Pattern recognition',2,35,2,3,NULL,'','2018-11-02 05:33:00',1,1),(193,'Define the term algorithm','\r\n','Algorithm,Instructions',1,35,2,3,NULL,'','2018-11-02 05:33:00',1,1),(194,'Describe two ways that an algorithm can be expressed','\r\n\r\n','Algorithm',2,36,2,3,NULL,'','2018-11-02 05:33:00',1,1),(195,'Write an algorithm to solve a simple everyday problem','\r\n\r\n\r\n','Algorithm',4,36,2,3,NULL,'','2018-11-02 05:33:00',1,1),(196,'Describe how a binary search algorithm finds an item in a list','Binary search uses a <b>divide-and-conquer</b> approach for searching <b>sorted</b> data by successively dividing the list in half until the item is found.\r\n\r\n\r\n\r\n\r\n\r\n\r\n','Binary search,Divide and conquer',2,36,1,3,NULL,'','2018-11-02 05:33:00',1,1),(197,'Describe how a linear search algorithm finds an item in a list','A linear search looks for an item in a list starting from the first item, then checks each item <b>in order</b> until the item is found.\r\n\r\n','Linear search',2,36,1,3,NULL,'','2018-11-02 05:33:00',1,1),(198,'Describe how a bubble sort is used to sort items in a list','Starting at the first item in the list <b>compare</b> it to the second item. If the items are not in the correct order the <b>swap flag</b> it set to true. The second item is then compared to the third item and so on until the end of the list. The process is repeated until the swap flag is never set to true, meaning all the items in the list are <b>sorted</b>.\r\n\r\n\r\n\r\n\r\n\r\n','Bubble sort',2,36,1,3,NULL,'','2018-11-02 05:33:00',1,1),(199,'Describe how a merge sort is used to sort items in a list','Split a large list into single items, then <b>merge</b> the items into <b>smaller lists</b>. Take each item from the neighbouring lists and put them into the correct <b>order</b> to create a larger list. <b>Repeat</b> this until the lists are reconstructed into a single list.\r\n\r\n','Merge sort,Divide and conquer',2,36,1,3,NULL,'','2018-11-02 05:33:00',1,1),(200,'Describe how an insertion sort is used to sort items in a list','Each item is taken from the <b>unsorted</b> list and placed in the correct order in a new list called a working list. To put the item into the correct order in the new list it <b>moves</b> the other items along.\r\n\r\n\r\n','Insertion sort',2,36,1,3,NULL,'','2018-11-02 05:33:00',1,1),(201,'Explain and give reasons why a binary search would be more efficient than a linear search','A binary search uses a <b>divide-and-conquer</b> approach that successively halves the size of the data set during the search. In some cases, such as where the item is at the beginning of the list, a linear search could find the item in <b>fewer</b> steps. However, on average a binary search is much more <b>efficient</b>, especially for searching large data sets.\r\n\r\n\r\n\r\n\r\n\r\n','Linear search,Binary search,Divide and conquer,Efficiency',3,36,1,3,NULL,'','2018-11-02 05:33:00',1,1),(202,'Define the term variable','\r\n','Variable',1,37,4,3,NULL,'','2018-11-02 05:33:00',1,1),(203,'Define the term constant','\r\n\r\n','Variable, Constant',1,37,4,3,NULL,'','2018-11-02 05:33:00',1,1),(204,'Explain what happens when a variable or constant is declared','\r\n\r\n','Variable, Constant',3,37,4,3,NULL,'','2018-11-02 05:33:00',1,1),(205,'Define the term typecast','\r\n\r\n','Data Structure, Typecast, Declaration',1,38,4,3,NULL,'Data types','2018-11-02 05:33:00',1,1),(206,'Give five examples of primitive data types and their allocated size in bytes','\r\n\r\n\r\n','Data type, Integer, Float, Boolean, String, Character',2,38,4,3,NULL,'Data types','2018-11-02 05:33:00',1,1),(207,'Give reasons for allocating different data types such as numbers and strings','\r\n\r\n','Data type',3,38,4,3,NULL,'Data types','2018-11-02 05:33:00',1,1),(208,'Calculate the estimated file size based on datatypes and number of records','\r\n\r\n','File size, Data Structure, Data type',2,38,4,3,NULL,'Data types','2018-11-02 05:33:00',1,1),(209,'Define the term sequence','\r\n\r\n\r\n\r\n\r\n','Sequence',1,37,2,1,NULL,'','2018-11-02 05:33:00',1,1),(210,'Define the term selection','\r\n\r\n\r\n\r\n','IF statement,Conditional',1,37,2,3,NULL,'','2018-11-02 05:33:00',1,1),(211,'Define the term Iteration','\r\n\r\n\r\n\r\n\r\n','Sequence,Iteration',1,37,2,3,NULL,'','2018-11-02 05:33:00',1,1),(212,'Describe two types of iteration','A Count-Control Loop repeat steps a set number of times, whereas a Condition-Controlled loop repeats the steps until a condition is met. In programming a FOR loop is a count-controlled loop and a WHILE or REPEAT UNTIL is a condition controlled loop.\r\n\r\n\r\n\r\n\r\n','Count-controlled loop,Condition-controlled loop',2,37,2,3,NULL,'','2018-11-02 05:33:00',1,1),(213,'Create a pseudocode program using sequence, selection and iteration','From a given problem write an algorithm in pseudocode that makes use of sequences, conditions and iterations.\r\n\r\n\r\n','Iteration,Conditional,Sequence',4,37,2,3,NULL,'','2018-11-02 05:33:00',1,1),(214,'Explain the difference between REPEAT UNTIL and WHILE DO iteration','\r\n\r\n\r\n','Construct',3,37,2,3,NULL,'Structures','2018-11-02 05:33:00',1,1),(215,'List and describe five standard operators (+, -, /, *, ^)','\r\n','operator, arithmetic operator',2,40,2,3,NULL,'Operators','2018-11-02 05:33:00',1,1),(216,'Identify six comparison operators (==, >=, <=, >, <, !=)','\r\n\r\n','Operator, Comparison Operator',1,40,2,3,NULL,'Operators','2018-11-02 05:33:00',1,1),(217,'Write a program in pseudo code that calculates integer and float values using standard operators','\r\n\r\n','Data type, Integer, Float, Operator',4,38,2,3,NULL,'Data types','2018-11-02 05:33:00',1,1),(218,'Write a program in pseudo code that uses comparsion operators','\r\n','operator, comparison operator',4,40,2,3,NULL,'Operators','2018-11-02 05:33:00',1,1),(219,'Describe how an array is used to store items','Items in an array are referenced using a zero index. For example, a list of students (where the identifier is called names), the first item is referenced by names[0], the second item by names[1] and the third item by names[3] and so.\r\n\r\n\r\n\r\n','Array,Data Structure,One-dimensional array',2,45,4,3,NULL,'Arrays','2018-11-02 05:33:00',1,1),(220,'Identify items and their position in an array','\r\n','Data Structure,Array,One-dimensional array',1,45,4,3,NULL,'Arrays','2018-11-02 05:33:00',1,1),(221,'Write a program in pseudo code to read a one-dimensional array','Create a program that uses iteration to loop through an array or list. Use a count-controlled loop to access every item in the data structure.\r\n\r\n\r\n\r\n\r\n','Array,Data Structure,One-dimensional array',4,45,4,3,NULL,'Arrays','2018-11-02 05:33:00',1,1),(222,'Construct a program in pseudo code to read a two-dimensional array','Create a program that uses iteration to loop through an array of arrays or lists. Use a count-controlled loop to iterate the outer array and use either a nested count-controlled loop or specify the index to access the data stored each inner arrays or row. \r\n\r\n','Data Structure,Array,Two-dimensional array',4,43,4,3,NULL,'Arrays','2018-11-02 05:33:00',1,1),(223,'Explain the difference between an storing data in an array and storing data as records','An array and list store data using zero indexing. To find the item you must know the index number. Records have attributes (or field names) for storing data that can then be looked up by attribute. For example, each record may store Account Number, First Name, Last name and Email Address.\r\n\r\n\r\n','Array,Records,Data Structure,One-dimensional array,Two-dimensional array',3,45,4,3,NULL,'Arrays','2018-11-02 05:33:00',1,1),(224,'Define the term file','','',1,44,4,3,NULL,NULL,'2018-11-02 05:33:00',1,1),(225,'Describe how a program reads a file','','',2,44,4,3,NULL,NULL,'2018-11-02 05:33:00',1,1),(226,'Write a program that reads data from a file','','',4,44,4,3,NULL,NULL,'2018-11-02 05:33:00',1,1),(227,'Write a program that writes data to a file','','',4,44,4,3,NULL,NULL,'2018-11-02 05:33:00',1,1),(228,'Identify values returned from a SELECT statement','\r\n\r\n','Structured Query Language (SQL)',1,46,4,3,NULL,'SQL','2018-11-02 05:33:00',1,1),(229,'Describe the SQL commands SELECT, CREATE, INSERT and DELETE','\r\n\r\n','Structured Query Language (SQL)',2,46,4,3,NULL,'SQL','2018-11-02 05:33:00',1,1),(230,'Write a SQL statement to display records from multiple tables','\r\n','',4,46,4,3,NULL,'SQL','2018-11-02 05:33:00',1,1),(231,'Write a SQL statement to display a subset of records from a table','\r\n','',4,46,4,3,NULL,'SQL','2018-11-02 05:33:00',1,1),(232,'Describe three methods of string manipulation (Len, Substring, Concatenation)','','',2,45,4,3,NULL,NULL,'2018-11-02 05:33:00',1,1),(233,'Identify values returned from string-handling commands (LEN, Substring)','','',1,45,4,3,NULL,NULL,'2018-11-02 05:33:00',1,1),(234,'Write a program in pseudocode to return the length of a string','','',4,45,4,3,NULL,NULL,'2018-11-02 05:33:00',1,1),(235,'Write a program in pseudocode to return a substring','','',4,45,4,3,NULL,NULL,'2018-11-02 05:33:00',1,1),(236,'Write a program in pseudocode to concatenate strings','','',4,45,4,3,NULL,NULL,'2018-11-02 05:33:00',1,1),(237,'Define the term function','\r\n\r\n\r\n','Function',1,48,3,3,NULL,'','2018-11-02 05:33:00',1,1),(238,'List and describe five advantages of functions and procedures','\r\n\r\n\r\n\r\n\r\n\r\n\r\n','Function,Procedure,Subroutine',2,48,3,3,NULL,'','2018-11-02 05:33:00',1,1),(239,'Describe how a function is constructed','','Function',2,48,3,3,NULL,'','2018-11-02 05:33:00',1,1),(240,'Explain the difference between a function and procedure','\r\n\r\n\r\n\r\n','Function,Procedure,Subroutine',3,48,3,3,NULL,'','2018-11-02 05:33:00',1,1),(241,'Define the term syntax error','\r\n\r\n\r\n','Syntax error, Debugging',1,49,3,3,NULL,'Debugging','2018-11-02 05:33:00',1,1),(242,'Define the term logic error','\r\n\r\n\r\n','Debugging, Logical error',1,49,3,3,NULL,'Debugging','2018-11-02 05:33:00',1,1),(243,'Identify syntax errors in a program','\r\n\r\n\r\n','Debugging, Syntax error',1,49,3,3,NULL,'Debugging','2018-11-02 05:33:00',1,1),(244,'Identify logical errors in a program','\r\n\r\n','Debugging, Logical error',1,49,3,3,NULL,'Debugging','2018-11-02 05:33:00',1,1),(245,'Describe how a program requires precise instructions','\r\n\r\n','Structure, Syntax error, Logical error',2,49,3,3,NULL,'Debugging','2018-11-02 05:33:00',1,1),(246,'Give five reasons syntax errors may occur (undeclared variables, variables not declared correctly, incompatable data types, incorrect assignment, defintion spelt incorrectly)','\r\n\r\n','Syntax error',2,49,3,3,NULL,'Debugging','2018-11-02 05:33:00',1,1),(247,'Describe how a program can run unexpectedly due to logic errors','\r\n\r\n','Logical error',2,49,3,3,NULL,'Debugging','2018-11-02 05:33:00',1,1),(248,'Give five causes of logical errors (divide by zero, incomplete programs, stack overflow, unexpected outputs, program crashes)','\r\n\r\n','Divide by zero, Incomplete programs, Unexpected oUTPuts, Program crashes, Overflow, Stack overflow',2,49,3,3,NULL,'Debugging','2018-11-02 05:33:00',1,1),(249,'Define the term input validation','\r\n\r\n\r\n\r\n\r\n','Invalid,Valid extreme,InValid extreme,Validation,Is valid',1,49,3,3,NULL,'Validation','2018-11-02 05:33:00',1,1),(250,'Describe five input validations','\r\n\r\n\r\n\r\n','Invalid,InValid extreme,Valid extreme,Data types,Is valid',2,49,3,3,NULL,'Validation','2018-11-02 05:33:00',1,1),(251,'Describe five methods of contingencies for handling erronous user input (clear and meaningful prompts, handle unexpected inputs, anticipate misuse, consider combinations of inputs that may result in an error, user authentication)','\r\n\r\n\r\n\r\n','Authentication,Validation,Valid extreme,Invalid,InValid extreme,Is valid',2,49,3,3,NULL,'Validation','2018-11-02 05:33:00',1,1),(252,'Define the purpose of program maintenance','\r\n\r\n\r\n','Testing, Comments, Indents, Logs',1,49,3,3,NULL,'Maintenance','2018-11-02 05:33:00',1,1),(253,'Give four methods that makes a program easier to maintain','\r\n\r\n\r\n','Change Logs, Indents, Identifier names, Comments, Structure',2,49,3,3,NULL,'Maintenance','2018-11-02 05:33:00',1,1),(254,'Write a program using techniques that make the program maintainable','\r\n\r\n\r\n','Indents, Comments, Identifier names',2,49,3,3,NULL,'Maintenance','2018-11-02 05:33:00',1,1),(255,'Define the purpose of testing','\r\n\r\n\r\n','Validation,Fault tolerance,Usability,Testing',1,49,3,3,NULL,'Test plans','2018-11-02 05:33:00',1,1),(256,'Describe six types of testing','\r\n\r\n\r\n','Fault tolerance,Final Testing,Functional Testing,Parametric Testing,Regression Testing,Iterative Testing,Integration Testing,User Acceptance Testing (UAT)',2,49,3,3,NULL,'Test plans','2018-11-02 05:33:00',1,1),(257,'Describe five validation tests','\r\n\r\n\r\n','Valid extreme,Invalid,Erroneous,Is valid,Invalid extreme',2,49,3,3,NULL,'Validation','2018-11-02 05:33:00',1,1),(258,'Explain why it is necessary to carry out various validation test','\r\n\r\n\r\n\r\n','Valid extreme,Invalid,InValid extreme,Erroneous,Is valid',3,49,3,3,NULL,'Validation','2018-11-02 05:33:00',1,1),(259,'Explain the different stages of testing a program (White-box testing, Black-box testing, and Alpha testing and Beta testing)','\r\n\r\n\r\n\r\n\r\n\r\n','Iterative Testing,Valid extreme,Invalid,Functional Testing,Is valid,User Acceptance Testing (UAT)',4,49,3,3,NULL,'Test plans','2018-11-02 05:33:00',1,1),(260,'Explain the difference between white box and black box testing','\r\n\r\n\r\n','Functional Testing,Black box Testing,White box testing',3,49,3,3,NULL,'Test plans','2018-11-02 05:33:00',1,1),(261,'Write a program that includes include validation tests, erronous user input and misuse','\r\n\r\n\r\n','Invalid,Validation,Is valid',4,49,3,3,NULL,'Validation','2018-11-02 05:33:00',1,1),(262,'Define the term binary','\r\n\r\n\r\n\r\n','Binary, Bit',1,58,5,3,NULL,'','2018-11-02 05:33:00',1,1),(263,'Define the term denary','','',1,56,5,3,NULL,NULL,'2018-11-02 05:33:00',1,1),(264,'Describe how a computer uses 1s and 0s to represents numeric values','\r\n\r\n','Bit, Binary',2,58,5,3,NULL,'','2018-11-02 05:33:00',1,1),(265,'Convert up to 8-bit binary to denary by identifying place values','','',2,56,5,3,NULL,NULL,'2018-11-02 05:33:00',1,1),(266,'Convert denary to 8-bit binary (the division and remainder method and the subtraction method)','','',2,56,5,3,NULL,NULL,'2018-11-02 05:33:00',1,1),(267,'Identify bits, nibbles and bytes','','',1,56,5,3,NULL,NULL,'2018-11-02 05:33:00',1,1),(268,'Name units of storage and the number of byte stored','','',1,56,5,3,NULL,NULL,'2018-11-02 05:33:00',1,1),(269,'Carry out binary addition on two 4-bit binary numbers','\r\n\r\n','Bit, Binary, Binary addition',2,58,5,3,NULL,'','2018-11-02 05:33:00',1,1),(270,'Define the term overflow','\r\n\r\n','Binary, Overflow, Binary addition',1,58,5,3,NULL,'','2018-11-02 05:33:00',1,1),(271,'Describe how to multiply and divide by 2, 4 and 8 using binary shift','\r\n\r\n','Binary, Bit, Binary shift',2,58,5,3,NULL,'','2018-11-02 05:33:00',1,1),(272,'Define the term hexidecimal','','',1,57,5,3,NULL,NULL,'2018-11-02 05:33:00',1,1),(273,'Convert denary to hexidecimal (using the division and remainder method)','','',2,57,5,3,NULL,NULL,'2018-11-02 05:33:00',1,1),(274,'Convert 8-bit binary to hexidecimal','','',2,57,5,3,NULL,NULL,'2018-11-02 05:33:00',1,1),(275,'Convert hexidecimal to binary','','',2,57,5,3,NULL,NULL,'2018-11-02 05:33:00',1,1),(276,'Convert binary to hexidecimal','','',2,57,5,3,NULL,NULL,'2018-11-02 05:33:00',1,1),(277,'Define the purpose of carrying out check digits','','',1,57,5,3,NULL,NULL,'2018-11-02 05:33:00',1,1),(278,'Describe the steps for calculating the EAN8 for a number','','',2,57,5,3,NULL,NULL,'2018-11-02 05:33:00',1,1),(279,'Define what is meant by a parity checks on binary numbers','','',1,57,5,3,NULL,NULL,'2018-11-02 05:33:00',1,1),(280,'Define the term ASCII','\r\n\r\n\r\n','American Standard Code for Information Interchange (ASCII)',1,60,6,3,NULL,'','2018-11-02 05:33:00',1,1),(281,'Define the term Character Set','\r\n\r\n\r\n','Character,Character set',1,60,6,3,NULL,'','2018-11-02 05:33:00',1,1),(282,'Describe how many bits are required for a ASCII character','Standard ASCII requires 7-bits to represent 127 characters with the 8th bit used for parity checking. Extended ASCII uses to 8th character set to give a larger range of characters. How many characters can be represented with Extended ASCII?\r\n\r\n\r\n','American Standard Code for Information Interchange (ASCII),Parity check',2,60,6,3,NULL,'','2018-11-02 05:33:00',1,1),(283,'Define the term Unicode','\r\n','Unicode',1,60,6,3,NULL,'','2018-11-02 05:33:00',1,1),(284,'Describe how words using ASCII characters are sorted','The characters in the ASCII character set (or table) are sorted A - Z, a-z, so Z comes before a.','American Standard Code for Information Interchange (ASCII)',2,60,6,3,NULL,'','2018-11-02 05:33:00',1,1),(285,'Explain the difference between ASCII and Unicode','ASCII has been superseded by Unicode. To ensure cross-compatibility in Unicode, ASCII is represented by the same values. Look up the ASCII characters in the Unicode character set.\r\n\r\n\r\n\r\n\r\n','American Standard Code for Information Interchange (ASCII),Unicode',3,60,6,3,NULL,'','2018-11-02 05:33:00',1,1),(286,'Define the term pixel','\r\n\r\n','pixel, pixels per inch (ppi), dots per inch (dpi), binary',1,61,6,3,NULL,'','2018-11-02 05:33:00',1,1),(287,'Define the term colour depth','\r\n\r\n\r\n\r\n\r\n','Colour depth, Resolution, Pixel',1,61,6,3,NULL,'','2018-11-02 05:33:00',1,1),(288,'Describe resolution in Pixels Per Inch (PPI) and Dots Per Inch (DPI)','\r\n\r\n\r\n\r\n\r\n','Dots Per Inch (DPI), Resolution, Pixels Per Inch (PPI)',2,61,6,3,NULL,'','2018-11-02 05:33:00',1,1),(289,'Define the term metadata','','',1,60,6,3,NULL,NULL,'2018-11-02 05:33:00',1,1),(290,'Describe how images are represented using 1s and 0s','\r\n\r\n','Binary, Pixel',2,61,6,3,NULL,'','2018-11-02 05:33:00',1,1),(291,'Explain how an image looses quality when it is enlarged','\r\n\r\n','Pixel, Colour depth, Pixels Per Inch (PPI)',3,61,6,3,NULL,'','2018-11-02 05:33:00',1,1),(292,'Explain how many bits are required per pixel for colour depth','\r\n\r\n\r\n\r\n\r\n','Pixel, Dots Per Inch (DPI), Pixels Per Inch (PPI)',3,61,6,3,NULL,'','2018-11-02 05:33:00',1,1),(293,'Estimate the size of an image file (in bytes, kilobytes, megabytes, gigabytes) based on width, height and colour depth','Write a simple program to estimate the image file size.\r\n','Pixel, Colour depth, Kilobytes, Gigabytes, Megabytes',4,61,6,3,NULL,'','2018-11-02 05:33:00',1,1),(294,'Define the terms analogue and digital','Continuous waves\r\n\r\n\r\n\r\n','Analogue, Digital',1,64,6,3,NULL,'','2018-11-02 05:33:00',1,1),(295,'Describe the ','','',2,61,6,3,NULL,NULL,'2018-11-02 05:33:00',1,1),(296,'Describe the difference between analogue and digital','\r\n\r\n','Analogue, Digital',2,64,6,3,NULL,'','2018-11-02 05:33:00',1,1),(297,'Define the terms bit depth, bit rate and sample rate','The number of bits stored per second\r\n\r\n\r\n\r\n\r\n','Bit depth, Metadata, Sample rate, Bit rate',1,64,6,3,NULL,'','2018-11-02 05:33:00',1,1),(298,'Define the term bit rate','The number of bits per second of sampled sound\r\n','bit rate, metadata',1,64,6,3,NULL,'','2018-11-02 05:33:00',1,1),(299,'Define the term Sample Rate','The number of samples taken per second (KHz).','sample rate, kilohertz (khz)',1,64,6,3,NULL,'','2018-11-02 05:33:00',1,1),(300,'Describe how the quality of sound can be improved by increasing the sample rate','\r\n','Sample rate, Kilohertz (khz)',2,64,6,3,NULL,'','2018-11-02 05:33:00',1,1),(301,'Describe how the accuracy of sampling can be improved by increasing the bit depth','\r\n','Bit depth',2,64,6,3,NULL,'','2018-11-02 05:33:00',1,1),(302,'Explain how the quality of sound can be improved by increasing the sample rate and bit depth','Visualise x and y on graph paper:\r\n- The vertical axis (x) representing the number of bits that will be taken for each sample.\r\n- The horizontal axis (y) represents time / seconds. \r\n\r\nThe number of samples (sample rate) taken per second and the number of bits store for each sample (bit depth) remain constant.\r\n\r\nThe file size will be larger as either the sample rate and bit depth increase.\r\n\r\n','Sample rate, Bit depth',3,64,6,3,NULL,'','2018-11-02 05:33:00',1,1),(303,'Explain how the size of a sound file is increased by the number of channels and bit rate','\r\n\r\n\r\n','Bit rate',3,64,6,3,NULL,'','2018-11-02 05:33:00',1,1),(304,'Define the term compression','','',1,62,6,3,NULL,NULL,'2018-11-02 05:33:00',1,1),(305,'Describe how compression is used to transfer data over the internet and store data','','',2,62,6,3,NULL,NULL,'2018-11-02 05:33:00',1,1),(306,'Define the term lossy compression','','',1,62,6,3,NULL,NULL,'2018-11-02 05:33:00',1,1),(307,'Define the term lossless compression','','',1,62,6,3,NULL,NULL,'2018-11-02 05:33:00',1,1),(308,'Describe the difference between lossy and lossless compression','','',2,62,6,3,NULL,NULL,'2018-11-02 05:33:00',1,1),(309,'Name five compression standards','','',2,62,6,3,NULL,NULL,'2018-11-02 05:33:00',1,1),(310,'Explain the importance of compressing files when transmitting them over the internet','','',3,62,6,3,NULL,NULL,'2018-11-02 05:33:00',1,1),(311,'Define the term logic gate','\r\n\r\n\r\n','Logic gate',1,40,7,3,NULL,'Logic','2018-11-02 05:33:00',1,1),(312,'Describe how inputs are effected by AND, OR and NOT gates','\r\n\r\n\r\n\r\n\r\n','Boolean logic',2,41,7,3,NULL,'Logic','2018-11-02 05:33:00',1,1),(313,'Construct a Truth Table for binary inputs and outputs for AND, OR and NOT gates','\r\n\r\n\r\n\r\n','Truth table, Boolean logic',2,41,7,3,NULL,'Logic','2018-11-02 05:33:00',1,1),(314,'Describe how boolean algebra is used in programming','\r\n\r\n\r\n','Boolean logic, Logic gate',2,41,7,3,NULL,'Logic','2018-11-02 05:33:00',1,1),(315,'Construct a Truth Table for binary inputs and outputs for Boolean logic','\r\n\r\n\r\n','Truth table, Boolean logic',2,41,7,3,NULL,'Logic','2018-11-02 05:33:00',1,1),(316,'Define the term opcode and operand','\r\n','',1,51,15,3,NULL,'','2018-11-02 05:33:00',1,1),(317,'Define the term Mnumonic','\r\n','',1,51,15,3,NULL,'','2018-11-02 05:33:00',1,1),(318,'Define the term Instruction Set','\r\n','',1,51,15,3,NULL,'','2018-11-02 05:33:00',1,1),(319,'Describe how instructions are composed of the opcode and operand','\r\n\r\n','',2,51,15,3,NULL,'','2018-11-02 05:33:00',1,1),(320,'Define the term translator and translation','\r\n\r\n','Translator',1,50,15,3,NULL,'','2018-11-02 05:33:00',1,1),(321,'Describe how instruction sets are used to store the different opcodes','\r\n\r\n\r\n','Instruction set, Opcode, Low-level programming',2,51,15,3,NULL,'','2018-11-02 05:33:00',1,1),(322,'Describe how human readable instructions are translated into machine code','\r\n\r\n\r\n','Machine code, Instruction set, Opcode',2,51,15,3,NULL,'','2018-11-02 05:33:00',1,1),(323,'Describe that each machine (processor) has its own unique set of instructions','\r\n\r\n\r\n\r\n','Machine code, Instruction set, Opcode, Low-level programming',2,51,15,3,NULL,'','2018-11-02 05:33:00',1,1),(324,'Explain how the opcodes are translated into machine code using the instruction set','\r\n\r\n\r\n','Translator, Opcode, Machine code, Low-level programming',3,50,15,3,NULL,'','2018-11-02 05:33:00',1,1),(325,'Define the term assembler','','',1,50,15,3,NULL,NULL,'2018-11-02 05:33:00',1,1),(326,'Describe how assembly language is translated into machine code using an assembler','','',2,50,15,3,NULL,NULL,'2018-11-02 05:33:00',1,1),(327,'Explain how an assembly language program is contructed','','',3,50,15,3,NULL,NULL,'2018-11-02 05:33:00',1,1),(328,'Define the term high-level language','','',1,51,15,3,NULL,NULL,'2018-11-02 05:33:00',1,1),(329,'Describe how high level languages improve productivity','','',2,51,15,3,NULL,NULL,'2018-11-02 05:33:00',1,1),(330,'Give three reasons for choosing high-level language over assembly language (problem-orientated, easier to read, portable)','','',3,51,15,3,NULL,NULL,'2018-11-02 05:33:00',1,1),(331,'Define the term source code','','',1,52,15,3,NULL,NULL,'2018-11-02 05:33:00',1,1),(332,'Define the term Object code','','',1,52,15,3,NULL,NULL,'2018-11-02 05:33:00',1,1),(333,'Describe how source code is compiled into object code','','',2,52,15,3,NULL,NULL,'2018-11-02 05:33:00',1,1),(334,'Explain the different between source and object code','','',3,52,15,3,NULL,NULL,'2018-11-02 05:33:00',1,1),(335,'Give four advantages for compiling code (unreadable code; runs faster once compiled; source code does not need to be published, compilers optimise code) and three disadvantages to compiling code (must be compiled in full after each change; cannot apply small incremental changes; compiled programms are machine specific).','','',3,52,15,3,NULL,NULL,'2018-11-02 05:33:00',1,1),(336,'Define the term interpreter','','',1,53,15,3,NULL,NULL,'2018-11-02 05:33:00',1,1),(337,'Describe how an interpreter runs though lines of code','','',2,53,15,3,NULL,NULL,'2018-11-02 05:33:00',1,1),(338,'Give three advantages (code is easy to debug; errors occur during translation line-by-line; easy to experiment) and four disadvantages (code runs slower; code is not optimised; source code can be copied; interpreter required in memory).','','',3,53,15,3,NULL,NULL,'2018-11-02 05:33:00',1,1),(339,'Define the term Pretty Printing','','',1,54,15,3,NULL,NULL,'2018-11-02 05:33:00',1,1),(340,'Describe how code is presented in a Editor','','',2,54,15,3,NULL,NULL,'2018-11-02 05:33:00',1,1),(341,'Define the term IDE','','',1,54,15,3,NULL,NULL,'2018-11-02 05:33:00',1,1),(342,'Describe four common features found in an IDE','','',2,54,15,3,NULL,NULL,'2018-11-02 05:33:00',1,1),(343,'Define the term Virtual Machine','','',1,55,15,3,NULL,NULL,'2018-11-02 05:33:00',1,1),(344,'Describe how a virtual machine is implmented to handle different platforms (to translate and package a program)','','',2,55,15,3,NULL,NULL,'2018-11-02 05:33:00',1,1),(345,'Define how computer technology effect our daily life','','',1,66,14,3,NULL,NULL,'2018-11-02 05:33:00',1,1),(346,'Describe nine examples affect the world and society (Safety, Travel, Business, Retail, Entertainment, Communication, Education, Politics, Science).','','',2,63,14,3,NULL,NULL,'2018-11-02 05:33:00',1,1),(347,'Describe that there are benefits and problems with technology','','',2,63,14,3,NULL,NULL,'2018-11-02 05:33:00',1,1),(348,'Describe that technology suffers problems of unauthorised access to data and computer systems','','',2,64,14,3,NULL,NULL,'2018-11-02 05:33:00',1,1),(349,'Define the Computer Misuse Act 1990','','',1,64,14,3,NULL,NULL,'2018-11-02 05:33:00',1,1),(350,'Describe features defined under the Computer Misuse Act 1990 to minimise threats (Unauthorised access,','','',2,64,14,3,NULL,NULL,'2018-11-02 05:33:00',1,1),(351,'Define the Freedom of Information Act 2000','','',1,64,14,3,NULL,NULL,'2018-11-02 05:33:00',1,1),(352,'Describe how under the Freedom of Information Act 2000 authorities must publish information and data and that the public can request information.','','',2,64,14,3,NULL,NULL,'2018-11-02 05:33:00',1,1),(353,'Give the names of four public bodies that the Freedom of Information Act 2000 covers ','','',2,64,14,3,NULL,NULL,'2018-11-02 05:33:00',1,1),(354,'Define the Communications Act 2003','','',1,64,14,3,NULL,NULL,'2018-11-02 05:33:00',1,1),(355,'Give two illegal action to which it is an offence under the Communications Act 2003 (using WiFi without permission; send offensive communications).','','',2,64,14,3,NULL,NULL,'2018-11-02 05:33:00',1,1),(356,'Define the Data Protection Act 1998','','',1,64,14,3,NULL,NULL,'2018-11-02 05:33:00',1,1),(357,'Give eight provisions in the Data Protection Act 1998 (Data should be: processed fairly and lawfully; should only be used for the puprose is was being collected; should be relevant not excessive; be accurate and up to date; kept only as long as necessary; protected; not transfered outside the EU unless adequate data protection is in place in that country).','','',2,64,14,3,NULL,NULL,'2018-11-02 05:33:00',1,1),(358,'Give three exemptions to the Data Protection Act (National security; crime and taxation; domestic purposes).','','',2,64,14,3,NULL,NULL,'2018-11-02 05:33:00',1,1),(359,'Define the Copyright, Designs and Patents Act, CPDA 1988','','',1,64,14,3,NULL,NULL,'2018-11-02 05:33:00',1,1),(360,'Describe how it is illegal to copy, modify or distribute software or other intellectual property without permission ','','',2,64,14,3,NULL,NULL,'2018-11-02 05:33:00',1,1),(361,'Define the Creative Commons Licence','','',1,64,14,3,NULL,NULL,'2018-11-02 05:33:00',1,1),(362,'Describe how the Creative Commons issues licences for allowing modify or copying of work','','',2,64,14,3,NULL,NULL,'2018-11-02 05:33:00',1,1),(363,'Define the term proprietary software','','',1,65,14,3,NULL,NULL,'2018-11-02 05:33:00',1,1),(364,'Define the term open source software','','',1,65,14,3,NULL,NULL,'2018-11-02 05:33:00',1,1),(365,'Describe how proprietary software is paid for in return for services','','',2,65,14,3,NULL,NULL,'2018-11-02 05:33:00',1,1),(366,'Describe how open-source software is made freely available and can be updated by a community of developers and redistributed','','',2,65,14,3,NULL,NULL,'2018-11-02 05:33:00',1,1),(367,'Describe six differences between open-source and proprietary software','','',2,65,14,3,NULL,NULL,'2018-11-02 05:33:00',1,1),(368,'Define the term Ethics','','',1,66,14,3,NULL,NULL,'2018-11-02 05:33:00',1,1),(369,'Describe how ethics is both personal and laid down by organisations','','',2,66,14,3,NULL,NULL,'2018-11-02 05:33:00',1,1),(370,'Describe the rights to privacy in the age of the internet','','',2,66,14,3,NULL,NULL,'2018-11-02 05:33:00',1,1),(371,'Give reason for and against an individual rights to privacy if they give out personal information to companies and organisations.','','',3,66,14,3,NULL,NULL,'2018-11-02 05:33:00',1,1),(372,'Define the term censorship on the internet','','',1,66,14,3,NULL,NULL,'2018-11-02 05:33:00',1,1),(373,'Describe censorship measures implemented on the internet','','',2,66,14,3,NULL,NULL,'2018-11-02 05:33:00',1,1),(374,'Explain the need for censorship on the internet - give reasons for and against what information should be blocked','','',3,66,14,3,NULL,NULL,'2018-11-02 05:33:00',1,1),(375,'Describe three areas affected by technology','','',2,67,14,3,NULL,NULL,'2018-11-02 05:33:00',1,1),(376,'Define the term automated descision making','','',1,67,14,3,NULL,NULL,'2018-11-02 05:33:00',1,1),(377,'Describe seven areas where automated descison making is implemented (Power distribution; Emergency response; Stock market trading; chemical plants; aeroplane collision avoidance; driverless cars; credit assessments).','','',2,67,14,3,NULL,NULL,'2018-11-02 05:33:00',1,1),(378,'Describe five areas where technology is used to monitor activity and behaviour (CCTV; Criminal Electronic Tags; Black Boxes in cars; Mobile phone signals; Workplace logging)','','',2,66,14,3,NULL,NULL,'2018-11-02 05:33:00',1,1),(379,'Give reason why it might be reasonable and unreasonable for organisations to demand access to social network data posted privately','','',3,66,14,3,NULL,NULL,'2018-11-02 05:33:00',1,1),(380,'Describe how data is a useful commodity to organisations','','',2,66,14,3,NULL,NULL,'2018-11-02 05:33:00',1,1),(381,'Define the term Artificial Intelligence (AI)','','',1,68,14,3,NULL,NULL,'2018-11-02 05:33:00',1,1),(382,'Describe four examples where AI is used (credit card; speech recognition; medical diagnosis; prediciting events).','','',2,68,14,3,NULL,NULL,'2018-11-02 05:33:00',1,1),(383,'Describe how AI systems are contructed','','',2,68,14,3,NULL,NULL,'2018-11-02 05:33:00',1,1),(384,'Explain the different aspects of machine and human intelligence and give one example where technology can be used to fool people into think they are interacting with another human.','','',3,68,14,3,NULL,NULL,'2018-11-02 05:33:00',1,1),(385,'Describe that computers are made from toxic materials','','',2,69,14,3,NULL,NULL,'2018-11-02 05:33:00',1,1),(386,'Describe that computers produce hazardous waste','','',2,69,14,3,NULL,NULL,'2018-11-02 05:33:00',1,1),(387,'Explain the positive and negative impacts of electricity output from data centres.','','',3,69,14,3,NULL,NULL,'2018-11-02 05:33:00',1,1),(395,'Define the term Interrupt','','',1,7,25,3,NULL,NULL,'2018-11-02 05:33:00',1,1),(396,'Describe how the interrupt is triggered','','',2,7,25,3,NULL,NULL,'2018-11-02 05:33:00',1,1),(397,'Explain the Interrupt Service Routine and its effect on the Fetch Decode Execute cycle','','',3,7,25,3,NULL,NULL,'2018-11-02 05:33:00',1,1),(398,'Give three examples of interrupts','','',2,7,25,3,NULL,NULL,'2018-11-02 05:33:00',1,1),(399,'Describe how the operating system uses interrupt codes','\r\n','',1,32,9,3,NULL,'','2018-11-02 05:33:00',1,1),(401,'Define the term paging','','',1,8,25,3,NULL,NULL,'2018-11-02 05:33:00',1,1),(402,'Define the term segmentation','','',1,8,25,3,NULL,NULL,'2018-11-02 05:33:00',1,1),(404,'Describe how a program is divided when using paging to manage memory','','',2,8,25,3,NULL,NULL,'2018-11-02 05:33:00',1,1),(405,'Describe the division of a program in memory when using segmentation to manage memory','','',2,8,25,3,NULL,NULL,'2018-11-02 05:33:00',1,1),(406,'Explain the difference between paging and segmentation and how each stores processes in memory','','',3,8,25,3,NULL,NULL,'2018-11-02 05:33:00',1,1),(407,'Describe how the operating system uses interrupt codes ','','',1,7,10,3,NULL,NULL,'2018-11-02 05:33:00',1,1),(408,'Describe how a program is across different pages','','',1,8,25,3,NULL,NULL,'2018-11-02 05:33:00',1,1),(410,'Explain what happens to inactive processes and what is the purpose of managing these inactive processes','','',3,8,25,3,NULL,NULL,'2018-11-02 05:33:00',1,1),(411,'Explain the effect of switching between RAM and using Virtual Memory','','',3,8,10,3,1,NULL,'2018-11-02 05:33:00',1,1),(430,'identify stakeholders in a given scenario','','',1,69,14,NULL,NULL,NULL,'2018-12-21 07:01:51',1,1),(432,'Identify internal components inside a computer','','',1,72,0,NULL,385,NULL,'2018-12-21 07:26:10',1,1),(436,'understand how circuits are made','','',1,70,0,NULL,385,NULL,'2018-12-21 07:35:04',1,1),(438,'Understand that data is stored in data centres around the World.','','',1,30,0,NULL,387,NULL,'2018-12-22 03:36:42',1,1),(459,'Understand that values do not change during the execution of a program','','',1,1,0,NULL,203,NULL,'2018-12-24 09:54:39',1,1),(460,'Test','','',2,4,0,NULL,NULL,NULL,'2018-12-27 05:06:39',1,1),(461,'Create a flow chart using actions and decisions','\r\n','flow chart, abstraction, decomposition',4,36,42,NULL,NULL,'','2019-01-05 14:19:11',1,1),(462,'Describe the function of the Arithmetic Logic Unit (ALU)','\r\n\r\n\r\n','Arithemtic Logic Unit (ALU)',2,7,25,NULL,NULL,'','2019-01-15 13:28:33',1,1),(463,'Describe how the Control Unit manages the other CPU components','\r\n\r\n','Control Unit (CU)',2,7,25,NULL,NULL,'','2019-01-15 13:30:12',1,1),(464,'Explain how the different registers are used to store data and carry data over the buses','\r\n','Program Counter (PC), Address bus, Data bus, Control bus, Memory Data Register (MDR), Accumulator (ACC), Memory Address Register (MAR)',3,8,25,NULL,NULL,'','2019-01-15 13:34:44',1,1),(465,'Explain the steps carried out by the Fetch Decode Execute cycle','\r\n','Fetch Decode Execute (FDE), Decode unit, Opcode, Operand',3,7,25,NULL,NULL,'','2019-01-15 13:37:32',1,1),(466,'Give the reasons why a branch in the program may occur','\r\n\r\n\r\n\r\n','Program branch',2,7,25,NULL,NULL,'','2019-01-15 13:43:30',1,1),(467,'Describe the effects of a program branch on the Program Counter (PC)','\r\n','Program branch, Program Counter (PC)',2,7,25,NULL,NULL,'','2019-01-15 13:44:36',1,1),(468,'Define how CPU speed is measured','\r\n\r\n\r\n','Central Processing Unit (CPU), Hertz (hz)',1,7,25,NULL,NULL,'','2019-01-15 14:12:32',1,1),(469,'Describe how performance is effected by increasing the clock speed','\r\n\r\n\r\n\r\n\r\n','Clock speed, Cycles per Second, System Clock',2,7,25,NULL,NULL,'Clock','2019-01-15 14:15:20',1,1),(470,'Define the term cache','\r\n\r\n\r\n','Cache',1,7,25,NULL,NULL,'Cache','2019-01-15 14:16:01',1,1),(471,'Describe how cache is used to increase performance','The processor uses cache to access frequently used data\r\n\r\n\r\n\r\n','Cache',2,7,25,NULL,NULL,'Cache','2019-01-15 14:17:29',1,1),(472,'Describe the advantage of having multi-core processors','\r\n\r\n\r\n\r\n\r\n','Quad core, Multi-core',2,7,25,NULL,NULL,'Cores','2019-01-15 14:20:03',1,1),(473,'Explain how pipelining is used to speed up the Fetch Decode Execute cycle (FDE)','The next instruction can be fetched while the CPU is carrying out other operations.\r\n\r\n\r\n\r\n','Pipelining, Fetch Decode Execute (FDE), Central Processing Unit (CPU)',3,7,25,NULL,NULL,'Pipelining','2019-01-15 14:21:34',1,1),(474,'Explain the key differences between Von Neumann architecture and Harvard architecture','Von Neumann architecture: shares the same memory space and are the same format and the control unit executes one instruction at a time.\r\n\r\nHarvard architecture uses different memory for instructions and data and each have there own bus, meaning the next instruction can be fetched while data is being written to memory. \r\n\r\n(Von Neuman and Harvard, Craig and Dave https://www.youtube.com/watch?v=4WFzOyUNkaM&list=PLCiOXwirraUBj7HtVHfNZsnwjyZQj97da&index=5)\r\n\r\n\r\n','Instruction, Fetch Decode Execute (FDE)',3,9,25,NULL,NULL,'','2019-01-15 14:45:02',1,1),(475,'Describe contemporary processor architecture','\r\n\r\n\r\n\r\n','Central Processing Unit (CPU)',2,7,25,NULL,NULL,'','2019-01-16 04:40:32',1,1),(476,'Define the term Complex Instruction Set Computing (CISC)','','Complex Instruction Set Computing (CISC)',1,9,25,NULL,NULL,'','2019-01-17 09:19:51',1,1),(477,'Define the term Reduced Instruction Set Computing (RISC)','\r\n','Reduced Instruction Set Computing (RISC)',1,9,25,NULL,NULL,'','2019-01-17 09:20:37',1,1),(478,'Describe the instructions available in a Complex Instruction Set Computing (CISC)','\r\n\r\n\r\n','Complex Instruction Set Computing (CISC)',2,9,25,NULL,NULL,'','2019-01-17 09:22:44',1,1),(479,'Describe the instructions available in a Reduced Instruction Set Computing (CISC)','\r\n\r\n\r\n','Reduced Instruction Set Computing (RISC)',2,9,25,NULL,NULL,'','2019-01-17 09:23:33',1,1),(480,'Give reasons for choosing RISC or CISC','\r\n\r\n','Complex Instruction Set Computing (CISC), Reduced Instruction Set Computing (RISC)',3,9,25,NULL,NULL,NULL,'2019-01-17 09:24:57',1,1),(481,'Describe the purpose of a Graphical Processing Unit (GPU)','\r\n\r\n','Co-processor, Graphical Processing Unit (GPU)',2,7,25,NULL,NULL,'','2019-01-17 09:37:37',1,1),(482,'Explain the advantages of using a Graphical Processing Unit (GPU) along side the Central Processing Unit (CPU)','\r\n\r\n\r\n\r\n','Graphical processing unit (gpu), Central Processing Unit (CPU)',3,7,25,NULL,NULL,'','2019-01-17 09:40:33',1,1),(483,'Describe the similarities and differences between a Chip Multiprocessor (CMP) and Central Processing Unit (CPU)','\r\n\r\n\r\n\r\n','Chip MultiProcessor (CMP)',2,7,25,NULL,NULL,'','2019-01-17 10:28:32',1,1),(484,'Describe how the Fetch Decode Execute cycle (FDE) is processed in parallel with Chip Multiprocessor (CMP)','\r\n\r\n\r\n\r\n','Chip MultiProcessor (CMP), Fetch Decode Execute (FDE)',2,7,25,NULL,NULL,'','2019-01-17 10:32:19',1,1),(485,'Identify and describe different input devices, output devices and storage devices','\r\n\r\n\r\n\r\n','Input device, Storage device, Output device',2,9,25,NULL,NULL,'','2019-01-17 10:39:28',1,1),(486,'Explain how to apply different input devices, output devices and storage devices are applied to a real-world solution','\r\n\r\n\r\n','Input device, Storage device, Output device',3,9,25,NULL,NULL,'','2019-01-17 10:41:35',1,1),(487,'List seven input devices','\r\n\r\n\r\n\r\n\r\n','Input device, Barcode reader, Pen reader, Laser scanner, Camera-based reader, Digital camera, Radio Frequency Identification (RFID), Active tag',2,9,25,NULL,NULL,'','2019-01-17 10:43:51',1,1),(488,'List seven output devices','\r\n\r\n\r\n\r\n','Actuator, Laser printer, Inkjet printer, Speaker, Output device, LED screen, LCD monitor, 3D printer',2,9,25,NULL,NULL,'','2019-01-17 10:44:33',1,1),(489,'List four types of secondary storage','\r\n\r\n\r\n\r\n\r\n','Storage device, Hard disk, Optical storage, Solid-state disk, Magnetic storage',2,11,25,NULL,NULL,'','2019-01-17 10:45:20',1,1),(490,'Describe how data is read to and written to magnetic storage disk','\r\n\r\n\r\n\r\n','Magnetic storage',2,11,25,NULL,NULL,'','2019-01-17 10:53:49',1,1),(491,'Describe how data is written to and read from an optical disk','\r\n\r\n','Optical storage',2,11,25,NULL,NULL,'','2019-01-17 10:56:01',1,1),(492,'Give advantages and disadvantages of magnetic storage and optical storage','\r\n\r\n','Optical storage, Magnetic storage',3,11,25,NULL,NULL,'','2019-01-17 10:58:08',1,1),(493,'Define how the Central Processing Unit (CPU) is connected to the main memory','\r\n\r\n\r\n\r\n','Buses, Address bus, Data bus, System bus',1,7,25,NULL,NULL,'','2019-01-17 13:21:23',1,1),(494,'Define how data and control signals are transmitted across the system bus','The system bus consists of the address bus for sending the address location to memory; the data bus for returning data to the CPU; the control bus for sending control signals. \r\n\r\n\r\n','System bus, Address bus, Data bus',1,7,25,NULL,NULL,'','2019-01-17 13:36:16',1,1),(495,'Describe the purpose of control lines on the Control Bus','Control lines are Bus Request, Bus Grant, Memory Write, Memory Read, Interrupt request, Clock.\r\n\r\n','Control bus',2,7,25,NULL,NULL,'','2019-01-17 13:40:14',1,1),(496,'Describe how the system clock is used to synchronise CPU operations','\r\n\r\n\r\n\r\n','Clock speed, System Clock',2,7,25,NULL,NULL,'Clock','2019-01-17 14:09:34',1,1),(497,'Give one limitation of using a multi-core processor','The software must be able to take advantage of using multi-core processor\r\n\r\n\r\n','Multi-core, Chip MultiProcessor (CMP)',3,7,25,NULL,NULL,'Cores','2019-01-17 14:13:23',1,1),(498,'List three uses of a linked list','\r\n\r\n\r\n\r\n\r\n','Linked list,Data Structure,Pointer,Hash table',2,39,21,NULL,NULL,'Linked lists','2019-01-17 16:02:22',1,1),(499,'Describe how a linked list uses an array and pointers','\r\n\r\n\r\n\r\n\r\n\r\n','Linked list, Pointer',2,39,21,NULL,NULL,'Linked lists','2019-01-17 16:03:37',1,1),(500,'Explain how multiple pointers can be used by a linked list','\r\n\r\n\r\n\r\n','Pointer, Linked list',2,39,21,NULL,NULL,'Linked lists','2019-01-17 16:07:31',1,1),(501,'List three uses of a graph data structure','\r\n\r\n\r\n\r\n\r\n\r\n\r\n\r\n','Graph, Data Structure, Navigation systems, Social media trends, Packet Switching',2,39,21,NULL,NULL,'','2019-01-17 16:15:43',1,1),(502,'Explain how nodes are connected to create a graph data structure','The explanation should describe the abstract representation of the graph and reference the weighting of the edges and cost of getting from one edge to another. This should also make reference to how a computer needs information in order to make calculations. It can include a concrete example such as following a map.\r\n\r\n\r\n\r\n','Graph, Data Structure, Vertex, Edge, Directed Graph, Weighted graph, Undirected graph',3,39,21,NULL,NULL,'','2019-01-17 16:25:07',1,1),(503,'Describe the differences between adjacency matrix and adjacency list','Adjacency matrix: a two-dimensional table representation.\r\n\r\nAdjacency list: a list of nodes showing adjacent nodes. \r\n\r\n\r\n\r\n\r\n\r\n','Graph, Adjacency matrix, Adjacency list, Data Structure',3,39,21,NULL,NULL,'','2019-01-17 16:52:37',1,1),(504,'Construct an adjacency matrix','Following a given graph construct a matrix\r\n\r\n\r\n\r\n','Adjacency matrix, Graph',4,39,21,NULL,NULL,'','2019-01-18 05:58:34',1,1),(505,'Describe two methods of traversing a graph','\r\n\r\n\r\n','Graph, Depth-first Traversal, Breadth-first Traversal',2,39,20,NULL,NULL,'','2019-01-22 11:50:29',1,1),(506,'Define a rooted tree','\r\n\r\n\r\n\r\n\r\n\r\n','Edge, Child Node, Leaf Node, parent Node, Subtree, Leaf Node, Rooted tree, Root node',1,39,20,NULL,NULL,'Binary tree','2019-01-22 12:19:09',1,1),(507,'Explain how to traverse a binary tree','\r\n\r\n\r\n\r\n','Binary tree, Traversal, Pre-order Traversal, In-order Traversal, Post-order Traversal',3,39,20,NULL,NULL,'Binary tree','2019-01-22 12:20:44',1,1),(508,'Define a binary tree','\r\n\r\n\r\n\r\n','Binary tree, Child Node, parent Node, Root node, Parent node',1,39,20,NULL,NULL,'Binary tree','2019-01-22 12:23:18',1,1),(509,'Describe the difference between a rooted tree and a binary rooted tree','\r\n\r\n','Binary tree, Rooted tree, Root node, Parent node',2,39,20,NULL,NULL,'Binary tree','2019-01-22 12:27:07',1,1),(510,'Describe the difference between pre-order traversal, in-order traversal and post-order traversal','\r\n\r\n\r\n\r\n','Binary tree, Pre-order Traversal, In-order Traversal, Post-order Traversal, Child Node, Root node',2,39,20,NULL,NULL,'binary tree','2019-01-22 12:34:31',1,1),(511,'Construct program to perform a binary tree search using pre-order traversal, in-order traversal and post-order traversal','\r\n\r\n\r\n','Post-order Traversal, In-order Traversal, Pre-order Traversal, Binary search, Binary tree',4,39,20,NULL,NULL,'Binary tree','2019-01-22 13:32:23',1,1),(512,'Define binary logic in terms of computer hardware','\r\n\r\n\r\n','Binary logic, Voltage, Semiconductor',1,41,22,NULL,NULL,'','2019-01-22 14:10:17',1,1),(513,'Identify the visual representation of NOT, AND, OR and XOR gates','\r\n\r\n\r\n\r\n','Boolean logic, XOR expression, AND expression, OR expression',1,41,22,NULL,NULL,'','2019-01-22 14:13:53',1,1),(514,'Construct a truth table for logical circuit using multiple logic gates (NOT, AND, OR, XOR)','\r\n\r\n\r\n\r\n','Truth table, OR expression, XOR expression, AND expression, NOT expression',4,40,22,NULL,NULL,'Truth tables','2019-01-22 14:17:57',1,1),(515,'Describe De Morgans law (logical AND or OR can be replaced by the other)','AND or OR may be replaced by the other....\r\n\r\nNOT(A OR B)  (NOT A) AND (NOT B)\r\nNOT(A AND B)  (NOT A) OR (NOT B)\r\n\r\n\r\n\r\n\r\n\r\n','Boolean logic, De Morgans law',2,41,22,NULL,NULL,'Simplifying','2019-01-22 14:23:49',1,1),(516,'Identify the symbols for NOT (), AND (^) and OR ()','\r\n\r\n\r\n\r\n\r\n\r\n','Boolean logic, AND expression, XOR expression, NOT expression',1,41,22,NULL,NULL,'','2019-01-22 15:41:32',1,1),(517,'Describe the Law of Distribution (multiplying and factoring out of an expression)','The Law of Distribution allows for the multiplying or factoring out of an expression.\r\n1) The OR distribution law: A AND (B OR C)  (A AND B) OR (A AND C) \r\n2) The AND distribution law: A OR (B AND C)  (A OR B) AND (A OR C)\r\n\r\n','Boolean logic, Law of distribution',2,41,22,NULL,NULL,'Simplifying','2019-01-22 16:07:22',1,1),(518,'Describe the Law of Association (removal of brackets and regrouping)','The Law of Association states that the removal of brackets and regrouping of the variables.\r\n1) OR association law: A OR (B OR C)  (A OR ) B OR C  A OR B OR C \r\n2) AND association law: A AND (B AND C)  (A AND B) AND C  A AND B AND C\r\n\r\n\r\n\r\n\r\n\r\n','Boolean logic, Law of association',2,41,22,NULL,NULL,'Simplifying','2019-01-22 16:14:19',1,1),(519,'Describe the Law of Commutation (The order of terms is not important)','The order of terms is not important\r\nA AND B  B AND A\r\nA OR B  B OR A\r\n\r\n\r\n\r\n','Boolean logic, Law of commutation',2,41,22,NULL,NULL,'Simplifying','2019-01-22 16:16:47',1,1),(520,'Describe the Law of Double Negation (reversing something get you back where you started)','You end up back where you started...\r\nNOT(NOT A)  A\r\n\r\n','boolean logic, law of double negation',2,41,22,NULL,NULL,'Simplifying','2019-01-22 16:30:03',1,1),(521,'Describe the Rule of Absorption (the second term inside the bracket can be eliminated by the term outside the bracket)','The second term inside the bracket can be eliminated by the term outside the bracket if the following terms apply....\r\n1. The operators inside and outside the brackets must be different\r\n2. The term outside the brackets must also be inside the brackets\r\nX OR (X AND Y)  X\r\nX AND (X OR Y) = X\r\nA OR B  B OR A\r\n\r\n\r\n','Boolean logic, Law of absorption',2,41,22,NULL,NULL,'Simplifying','2019-01-22 16:37:36',1,1),(522,'Describe the General Rules of Boolean Algebra','There are 8 general rules for simplifying boolean algebraic expressions\r\n \r\nAND expressions\r\n\r\nRule 1: X AND 0  FALSE\r\nRule 2: X AND 1  X\r\nRule 3: X AND X  X\r\nRule 4: X AND NOT X  FALSE\r\nRule 5: X OR 0  X\r\nRule 6: X OR 1  TRUE\r\nRule 7: X OR X  X\r\nRule 8: X OR NOT X  TRUE\r\n\r\n\r\n\r\n','Boolean logic, General rules of boolean algebra',2,41,22,NULL,NULL,'Simplifying','2019-01-22 17:29:59',1,1),(523,'Simpify a boolean expression using a Karnaugh map','\r\n\r\n','Boolean logic',4,41,22,NULL,NULL,'Simplifying','2019-01-22 18:06:53',1,1),(524,'Construct a Karnaugh map to simplify an expression (two-variable problem and three-variable problem)','Rules for K-Map\r\n1) A group must only contain 1s\r\n2) A group can only be horizontal or vertical, not diagonal\r\n3) A group must contain 1, 2, 4, 8... (2^n 1s)\r\n4) Groups should be as large as possible\r\n5) Groups may overlap\r\n6) Groups can wraparound\r\n7) Every 1 must be in at least one group\r\n8) There should be few groups as possible\r\n\r\n\r\n\r\n','Boolean logic, Karnaugh map, Circuits',4,41,22,NULL,NULL,'Simplifying','2019-01-23 05:13:18',1,1),(525,'Define the term half adder','Half adders take two-bit input, perform an addition and output a 1-bit result and 1-bit carry.\r\n\r\n\r\n\r\n','Half adder, Binary logic, Binary addition, Logic circuit',1,40,22,NULL,NULL,'Adders','2019-01-26 04:30:45',1,1),(526,'Define the term full adder','A full adder consists of two half adders. It takes two-inputs plus a carry bit.\r\n\r\n\r\n','Half adder, Full adder, Binary addition, Logic circuit',1,40,22,NULL,NULL,'Adders','2019-01-26 04:33:08',1,1),(527,'Explain how full adders can be combined to perform binary addition','\r\n\r\n\r\n\r\n\r\n','Half adder, Full adder, Binary addition, Logic circuit, Carry bit',2,40,22,NULL,NULL,'Adders','2019-01-26 04:35:00',1,1),(528,'Define a D-type flip flop circuit','\r\n\r\n','D-type flip flop, Logic circuit, Clock, Oscillator',1,40,22,NULL,NULL,'Flip flops','2019-01-26 04:39:37',1,1),(529,'Describe how flip flops store states','Recognises that the oscillator changes state at \"regular time intervals\", and that the  state is stored by the flip flop between clock cycles and the clock has a rising edge and falling edge.\r\n\r\n\r\n','Logic circuit, D-type flip flop, Oscillator, Bit',2,40,22,NULL,NULL,'Flip flops','2019-01-26 04:45:25',1,1),(530,'Explain how D-type flip flop is used as a memory cell','Give details about the D and clock states and how they influence the outputs at Q and NOT Q.      \r\n\r\n\r\n\r\n','D-type flip flop, Registers',3,40,25,NULL,NULL,'Flip flops','2019-01-26 04:52:25',1,1),(531,'Construct a half adder curcuit','\r\n\r\n\r\n','Half adder, Logic circuit',4,40,25,NULL,NULL,'Adders','2019-01-26 05:01:56',1,1),(532,'Explain how Hyper Text Markup Language (HTML) is used on the World Wide Web (WWW)','The student should be able to identify HTML structure and how it is used to form pages. Describe the use of markup and styles.\r\n\r\n\r\n\r\n\r\n','Cascading Style Sheets (CSS), Hyper Text Markup Language (HTML)',3,30,26,NULL,NULL,'','2019-01-31 13:53:21',1,1),(533,'Describe how Cascading Style Sheet (CSS) are used to style HTML pages','Define CSS and describe how it is used to add style to html mark up by using the html tag, html identifier or html class. \r\n\r\n\r\n\r\n\r\n\r\n\r\n\r\n\r\n\r\n\r\n\r\n','Cascading Style Sheets (CSS), HTML classes, Embedded CSS, HTML tags, HTML identifiers, Inline CSS, Hyper Text Markup Language (HTML)',2,30,26,NULL,NULL,'','2019-01-31 13:55:22',1,1),(534,'Describe the purpose of Cascading Style Sheets (CSS)','\r\n\r\n','Cascading Style Sheets (CSS)',2,30,26,NULL,NULL,'HTML and CSS','2019-01-31 13:57:28',1,1),(535,'Identify a set of basic commands that can be understood by a machine to carry out a task','With a few basic commands, a programmer can instruct a computer to solve a variety of problems.\r\n\r\n\r\n\r\n\r\n\r\n\r\n\r\n\r\n','Iteration,Instructions,Algorithm',1,37,43,NULL,NULL,'','2019-02-01 05:49:13',1,1),(536,'Construct a list of commands that instruct a machine to carry out a task efficiently','Give an agreed set of instruction to a programmable computer so that it can carry out a task as quickly and efficiently as possible.\r\n\r\n\r\n\r\n\r\n\r\n\r\n\r\n\r\n','Efficiency,Pattern recognition,Instructions,Repetition,Command,Procedure',4,35,42,NULL,NULL,'','2019-02-01 05:51:50',1,1),(537,'Identify that computers need to be given specific instructions','If a program is not given specific instructions it understands, or if commands are spelt incorrectly, it will not run as expected or produce errors.\r\n\r\n\r\n\r\n\r\n\r\n\r\n','Instructions,Command',1,36,42,NULL,NULL,'','2019-02-01 06:07:44',1,1),(538,'Identify a number of HTML tags (including head, body, headings, paragraph, image, link, list)','\r\n\r\n\r\n\r\n\r\n','Hyper Text Markup Language (HTML)',1,30,26,NULL,NULL,'','2019-02-01 10:41:11',1,1),(539,'Construct an HTML page consisting of headings <h1>, paragraphs <p>, lists <ul> and <ol> and apply styles using inline and external CSS','\r\n\r\n\r\n\r\n\r\n','HTML classes, HTML identifiers, HTML tags, Cascading Style Sheets (CSS), Embedded CSS, External CSS',4,30,26,NULL,NULL,'','2019-02-01 11:01:12',1,1),(540,'Construct an algorithm for traversing a graph (both depth-first and breadth-first)','Consider different uses of graphs and create an abstraction or concrete example. Recall how vertices and edges are constructed to create an undirected graphs and a directed graph.\r\n\r\n\r\n\r\n\r\n','Graph, Directed Graph, Breadth-first Traversal, Depth-first Traversal, Undirected graph, Weighted graph',4,39,21,NULL,NULL,'','2019-02-02 08:23:15',1,1),(541,'Estimate the size of an sound file (in bytes, kilobytes, megabytes, gigabytes) based on bit depth, bit rate and sample rate','\r\n\r\n\r\n\r\n','Bytes, Sample rate, Bit rate, KiloBytes, MegaBytes, GigaBytes',4,64,6,3,NULL,'','2019-02-04 04:54:12',1,1),(542,'Identify different network topologies','The three main network topologies are Star, Bus and Ring. As the names suggest... a Star topology is connected to a central device (hub or switch) forming a star-like shape. The devices in a Ring topology are connected together in a loop. The devices in a Bus topology connect to central cable and pass messages along the cable. Like hopping on a bus the message visits the other devices along the way until it finds its destination.  \r\n','Bus topology,Ring topology,Star topology,Network',1,20,46,NULL,NULL,'','2019-02-05 07:47:03',1,1),(543,'Describe how information travels over a network','Give an account of how data is sent between different nodes or devices (Workstations or Servers) on a network through Ethernet cables or WiFi, passing through a number of hubs or switches on a LAN, or a router in a WAN.    \r\n\r\n\r\n\r\n\r\n\r\n','Network,Network Interface Card (NIC)',2,17,46,NULL,NULL,'','2019-02-05 07:48:40',1,1),(544,'Define the terms Local Area Network (LAN) and Wide Area Network (WAN)','A LAN or Local Area Network is a small localised network of computers and a WAN is a number of computers or many LANs spread out over a geographical area.\r\n\r\n\r\n\r\n\r\n','Local Area Network (LAN),Wireless Network,Wide Area Network (WAN)',1,18,46,NULL,NULL,'','2019-02-05 07:50:37',1,1),(545,'Explain the advantages and disadvantages of different network topologies (Ring, Star and Bus)','Understand how nodes are connected using different network topologies and give a number of advantages and the disadvantages of each topology. The amount of cable required, the cost, security and faults give advantages and disadvantages to each topology. Look these up. \r\n\r\n\r\n','Bus topology,Ring topology,Star topology',3,20,46,NULL,NULL,'','2019-02-05 07:52:11',1,1),(546,'Identify commands to move a sprite','\r\n\r\n\r\n','Variable, Selection, Iteration',1,37,42,NULL,NULL,'','2019-02-05 14:30:34',1,1),(547,'Identify commands that will allow a sprite to interact with other sprites','\r\n\r\n','Sprite, Command',1,37,42,NULL,NULL,'','2019-02-05 14:31:48',1,1),(548,'Recognise patterns in a program and reuse of code','\r\n\r\n\r\n\r\n\r\n','Abstraction, Pattern recognition',4,35,42,NULL,NULL,'Problem solving','2019-02-05 14:35:55',1,1),(549,'Describe how abstraction can be used to solve similar problems','\r\n\r\n','Abstraction',2,35,42,NULL,NULL,'Problem solving','2019-02-05 14:38:22',1,1),(550,'Extend a program to make the game more challenging','\r\n','',4,36,42,NULL,NULL,'','2019-02-05 15:07:15',1,1),(551,'Explain how Javascript can be used to process HTML content in the browser','Javascript is executed in the web browser before it posts the form to the server. This allows data to be validated before being saved and everything does not have to be processed on the server.\r\n\r\n\r\n','Javascript,Embedded Javascript,External Javascript,Form controls,HTML identifiers',3,30,22,NULL,NULL,'','2019-02-10 13:22:24',1,1),(552,'Construct Javascript code to manipulate an HTML page','Write Javascript code to dynamically change the styles and content of the HTML page. This can be done using Embedded Javascript and linking to an External Javascript file. \r\n\r\n\r\n\r\n','Embedded Javascript,External Javascript,HTML form',4,30,22,NULL,NULL,'','2019-02-10 13:24:16',1,1),(553,'Construct Javascript code to validate an HTML form','Write Javascript to check the content of a web control before submitting the form. Display messages to indicate there are validation errors and prevent the form from being submitted.\r\n','Javascript,HTML form,HTML identifiers',4,30,22,NULL,NULL,'','2019-02-10 13:25:34',1,1),(554,'Explain how JavaScript is translated across different Web Browsers and Platforms','An interpreter reads the Javascript line-by-line, but it needs to be translated into object code dependent to the web browser and processor.\r\n\r\n','Javascript,Object code,Compiler,Interpreter',3,30,22,NULL,NULL,'','2019-02-10 13:36:02',1,1),(555,'Describe the HTML Document Object Model (DOM)','HTML tags (head, body, heading, paragraph and bold etc.) form a structure of the page content using opening and closing tags. \r\n\r\n','HTML tags,Hyper Text Markup Language (HTML)',2,30,22,NULL,NULL,'','2019-02-10 13:42:07',1,1),(556,'Describe the main functions of the Central Processing Unit (CPU)','The CPU is responsible for the processing of data in the computer. The CPU fetches the next instruction to be processed from memory or RAM (Random Access Memory), decodes the instruction and then executes it. The Control Unit is responsible for getting the next instruction from memory, storing information in the registers and passing information to the ALU (Arithmetic Logic Unit).\r\n\r\n\r\n\r\n\r\n\r\n','Central Processing Unit (CPU),Registers,Control Unit (CU),Arithemtic Logic Unit (ALU)',2,7,47,NULL,NULL,'','2019-02-11 14:43:41',1,1),(557,'Define the terms BIOS, CPU, ROM and RAM','\r\n\r\n\r\n\r\n\r\n','Central Processing Unit (CPU), Random Access Memory (RAM), Basic Input Output System (BIOS)',1,8,47,NULL,NULL,'','2019-02-11 14:45:58',1,1),(558,'Describe the main function of the Basic Input/Output System (BIOS)','The BIOS (basic input output system) manages data flow between the operating system and attached devices such as the hard disk, video adapter, keyboard and mouse. \r\n\r\n\r\n\r\n','Basic Input Output System (BIOS)',2,7,47,NULL,NULL,'','2019-02-11 14:48:00',1,1),(559,'Describe the difference between Volatile and Non-Volatile Memory','Volatile means that RAM loses data if the power is switched off whereas ROM is non-volatile meaning that if the power is switched off the data is not lost.\r\n\r\n\r\n\r\n\r\n\r\n\r\n','Non-volatile Memory,Volatile Memory,Random Access Memory (RAM)',2,8,47,NULL,NULL,'','2019-02-11 14:50:50',1,1),(560,'Explain the Fetch-Decode-Execute cycle carried out by the CPU (Central Processing Unit)','When you open a program the instructions and data of the program are loaded into the main memory or RAM. The CPU fetches each instruction from main memory, it looks up the code in an instruction set and executes that instruction. The execution may also require data fetching from main memory.\r\n\r\n\r\n','Central Processing Unit (CPU),Registers,Random Access Memory (RAM),Fetch Decode Execute (FDE)',3,7,47,NULL,NULL,'','2019-02-12 04:35:06',1,1),(561,'Identify different types of network hardware','A network is made up of different network components. The main ones are Workstation, Server, Switch or Hub.\r\n','Switch, Hub, Client-server Network, Workstation, Network server',2,17,46,NULL,NULL,'','2019-02-18 12:53:22',1,1),(562,'Describe how search engines index web pages','Search engines look at the visible content and use metadata tags (keywords and description attributes) not visible to the user.\r\n\r\n\r\n','Metadata,HTML tags,Hyper Text Markup Language (HTML)',2,36,26,NULL,NULL,'','2019-02-20 15:13:24',1,1),(563,'Describe Googles Page Rank algorithm','Googles PageRank represents the web as a directed graph where the web page is a node and the edge represented as hyperlinks. The weighting of the edge is calculated by the PageRank algorithm.\r\n','Directed Graph,Googles PageRank',2,36,26,NULL,NULL,'','2019-02-21 04:43:08',1,1),(564,'Give a list of six factors affecting search results','Among the factors affecting search results are keywords in the metadata, the metadata description, keywords in the <TITLE> tag; the last update, the number of times a keyword appears in the headings and the domain name.\r\n','HTML tags,Domain name',1,36,26,NULL,NULL,'','2019-02-21 04:47:29',1,1),(565,'Formulate a ranking of web pages using Googles PageRank algorithm.','PR(A) = (1-d) + d (PR(T1)/C(TI) + ... + PR(Tn) / C(Tn))','Googles PageRank,Algorithm',4,36,26,NULL,NULL,'','2019-02-21 04:56:32',1,1),(566,'Define the term Data Mining','\r\n\r\n\r\n','Data mining,Big data',1,35,22,NULL,NULL,'Data mining','2019-02-21 06:31:59',1,1),(567,'Describe different benefit for the use of Data Mining','Data Mining can be used to answer questions in healthcare, improving the accuracy of speech recognition,  finding trends in financial markets and improve the quality of customer services. Investigate some specific use of data mining to help describe its uses.\r\n\r\n','Big data,Data mining',2,35,22,NULL,NULL,'Data mining','2019-02-21 06:36:43',1,1),(568,'Define the term Back Tracking','\r\n\r\n\r\n\r\n','Backtracking',1,35,22,NULL,NULL,'Backtracking','2019-02-21 06:47:24',1,1),(569,'Describe two uses of Backtracking','Backtracking is used for maze traversal and depth-first traversal of a graph\r\n\r\n','Backtracking',2,35,22,NULL,NULL,'Backtracking','2019-02-21 06:53:29',1,1),(570,'Define the term Performance modelling','\r\n','Performance modelling',1,35,22,NULL,NULL,'Performance Mod','2019-02-21 06:56:32',1,1),(571,'Describe a situation whereby Performance Modelling is useful','Performance Modelling is used for testing the performance of a system under a variety of conditions. On the real system, it may not be possible to capture these situations so simulation is used to give an approximate result.\r\n\r\n','Performance modelling',2,35,22,NULL,NULL,'Performance Mod','2019-02-21 07:02:04',1,1),(572,'Define the term Heuristic','\r\n\r\n','Heuristic method',1,35,22,NULL,NULL,'Heuristics','2019-02-21 07:03:54',1,1),(573,'Describe a situation where Heuristic method is used','A Heuristic method leads to an approximate solution and may ignore some factors and therefore may not be the optimal solution. For example, the Travelling Salesman Problem (TSP).\r\n\r\n','Heuristic method',2,35,22,NULL,NULL,'Heuristics','2019-02-21 07:14:48',1,1),(574,'Define the term Divide and Conquer','\r\n\r\n','Divide and conquer',1,35,22,NULL,NULL,'Divide and Conq','2019-02-21 07:21:06',1,1),(575,'Describe the use of the Divide and Conquer technique','An example of a Divide and Conquer technique is a binary search. Given an ordered list, it splits the list in half then decides which half of the list to search and which half it can discard. It will do this repeatedly until it finds the item being searched.\r\n','Divide and conquer,Binary search',2,35,22,NULL,NULL,'Divide and Conq','2019-02-21 07:25:51',1,1),(576,'Define the term Linear search','','Linear search',1,36,1,3,NULL,'','2019-03-02 08:49:17',1,1),(577,'Define the term Binary search','\r\n\r\n','Binary search,Divide and conquer',1,36,1,3,NULL,'','2019-03-02 08:49:57',1,1),(578,'Construct a linear search algorithm','Write or complete a linear search algorithm.\r\n\r\n\r\n\r\n','Linear search',4,36,1,NULL,NULL,'','2019-03-03 09:07:50',1,1),(579,'Construct a binary search algorithm','Write or complete a binary search algorithm or show the detailed steps involved in finding an item in a list using a binary search algorithm.\r\n\r\n','Binary search',4,36,1,NULL,NULL,'','2019-03-03 09:09:06',1,1),(580,'Construct a bubble sort algorithm','Write or complete a bubble sort algorithm                    \r\n','Bubble sort',4,36,1,NULL,NULL,'','2019-03-03 09:17:11',1,1),(581,'Construct a merge sort algorithm','Complete the step of a merge sort algorithm\r\n','Merge sort',4,36,1,NULL,NULL,'','2019-03-03 09:18:27',1,1),(582,'Construct an insertion sort algorithm','Complete an insertion sort algorithm\r\n','Insertion sort',4,36,1,NULL,NULL,'','2019-03-03 09:19:42',1,1),(583,'Define the term subroutine','','Subroutine,Function,Procedure',1,48,19,NULL,NULL,'','2019-03-09 04:26:44',1,1),(584,'Describe what a subroutine is and the different types','Subroutines are blocks of code within a program that are written to carry out a task. There are two types of subroutines: Functions that return a value and a Procedure that carries out a task without returning a value. Subroutines can accept one or more parameters.\r\n\r\n\r\n\r\n','Subroutine,Function,Procedure,Parameter',2,48,19,NULL,NULL,'','2019-03-09 04:31:58',1,1),(585,'Explain the purpose of subroutines and how they used within a program','A subroutine can exist anywhere in the program but is not executed until it is called using it\"s identifier.  They are used to break down a program into manageable sections. The subroutine can be called multiple times within a program, preventing the program from having duplicate code. This allows the subroutine to be modified only once.\r\n\r\nA subroutine accepts inputs called parameters to determine the execution of the code.\r\n\r\nThere are two types of subroutines: functions and procedures. A function will return a value to the section of code and a procedure carries out a task, but does not return a value.\r\n','Subroutine,Function,Procedure,Identifier names',3,48,19,NULL,NULL,'','2019-03-09 04:45:43',1,1),(586,'Give an account of how local and global variables are used within a program','Variables defined in the main program are called Global variables that can be used anywhere in the program, whereas variables defined within a subroutine are called local variables and cannot be used outside of the subroutine unless they are defined as global. A variable is said to have global and local scope. Find examples of global and local variables.\r\n','Variable,Local variable,Global variable',2,48,19,NULL,NULL,'','2019-03-09 05:07:11',1,1),(587,'Construct a program that uses subroutines using parameters, local variables and global variables','Your program should use global and local variables. Create subroutines that use parameters instead of global variables. Create a function instead of a procedure that returns a value and assign it to a variable. Write a test plan to see how the results may vary during testing.\r\n\r\n\r\n','Global variable,Local variable,Subroutine,Parameter',4,48,19,NULL,NULL,'','2019-03-09 05:15:05',1,1),(588,'Explain the difference between passing parameter by value and passing a parameter by reference','A variable is passed to a subroutine as an argument for the subroutine\"s parameter. In some programming languages, a variable can be passed by value or by reference. If a parameter is passed \"by value\" it is treated as a local variable and changing the value of the parameter will not change the value of the variable. However, if a parameter is passed \"by reference\" the address of the parameter is passed into the subroutine, so if the subroutine changes the value of the parameter the value of the variable outside the subroutine is changed.\r\n','Parameter,Subroutine',3,48,19,NULL,NULL,'','2019-03-09 05:29:51',1,1),(589,'Describe the three characteristics of recursion','(1) Recursion requires a condition to stop it calling itself. (2) For input values, other than the stopping condition, the routine must call itself. (3) The condition to stop the recursion must be reached.\r\n\r\n','Function,Recursive,Base case',2,48,19,NULL,NULL,'','2019-03-09 06:52:25',1,1),(590,'Explain the benefits and disadvantages of recursion','Algorithms that produce a Factorial sequence or the Fibonacci series may be written using iteration or recursion. Recursive functions are suited to algorithms such as traversing trees. While a recursive subroutine is often shorter than iteration, it is much more difficult to trace. If the recursive function is called too many times, or the program logic prevents the stopping condition to be reached, it will create a stack overflow causing the program to crash.\r\n\r\n\r\n\r\n\r\n\r\n\r\n','Recursive,Stack overflow,Traversal,Binary tree,Rooted tree,Base case',3,48,19,NULL,NULL,'','2019-03-09 07:11:06',1,1),(591,'Construct and trace an algorithms written using iteration and recursion','Write and compare iterative and recursive algorithms, such as ones that produce a list of Factorial sequences - one using iteration and one using recursion. Write an algorithm that carries out traversal.\r\n\r\n','Recursive,Iteration',4,48,19,NULL,NULL,'','2019-03-09 07:15:14',1,1),(592,'Identify and name the four standard flow chart symbols','The four standard flow chart shapes are Start/Stop, Input/Output, Action and Descision.','Flow chart',1,36,42,NULL,NULL,'','2019-03-09 11:42:02',1,1),(593,'Follow a simple flow chart that includes the four standard flow chart symbols','\r\n\r\n','Flow chart',2,36,42,NULL,NULL,'','2019-03-09 11:44:13',1,1),(594,'Create a simple flow chart from a given list of instructions','Given a list of instructions create a flow chart using the four standard flowchart shapes: start/stop, input/output, action and decision.\r\n','Flow chart',3,36,42,NULL,NULL,'','2019-03-09 11:45:52',1,1),(595,'Construct a flow chart to solve a given problem using decision symbols with appropriate inputs and output','Using a simulator, such as Flowol, solve different problems. Demonstrate the use of problem solving techniques such as decomposition to break down the problem and solve one problem at a time and use pattern recognition to avoid repeating yourself.\r\n\r\n\r\n\r\n','Flow chart,Decomposition,Pattern recognition',4,36,42,NULL,NULL,'','2019-03-09 11:48:23',1,1),(596,'Describe the four offences under the Computer Misuse Act and the penalty for committing each offence','The four offences under the <b>Computer Misuse Act</b> increase in seriousness from unauthorised access to computer material to helping someone else to carrywriting viruses. The first is unauthorised access to computer material, which carries up to a <b>six month</b> prison sentence and/or a large fine. The second is the intent to commit a crime, such as <b>fraud</b> or <b>blackmail</b> and the third unauthorised modification (changing or deleting) <b>data</b>. The second and third offence under the Computer Misuse Act both carry a <b>five year</b> prison sentence and/or a hefty fine. The fourth offence is making, supplying or obtaining anything which can be used to carry out misuse offence, such as <b>viruses</b> and malware which carry a <b>ten year</b> prison sentence and/or a <b>unlimited</b> fine. \r\n\r\n\r\n\r\n\r\n\r\n','Computer Misuse Act,Computer virus,Malware,Ransomware',2,67,50,NULL,NULL,'','2019-03-14 11:54:53',1,1),(597,'Formulate a discussion that relate cases and prosecutions under the Computer Misuse Act','Formulate a presentation to discuss court cases where people or groups of people have been prosecuted under the Computer Misuse Act. What are the impacts on the lives of those who have been prosecuted or could be prosecuted under the Computer Misuse Act.\r\n','Computer Misuse Act',4,67,50,NULL,NULL,'','2019-03-14 12:16:44',1,1),(598,'Give examples of different measures you can put in place to prevent unauthorised access to your computer, phone and social media accounts','(1) Use up to date antivirus software. (2) Never reply to anonymous emails. (3) Use filtering software on email accounts.  (4) Use strong passwords. (5) Never give someone else your personal information, user names and password.','',2,67,50,NULL,NULL,'','2019-03-14 12:44:08',1,1),(599,'Construct a program that uses a static array and a dynamic array to update and append data','An array is a static data structure used if you know the number of items being stored in the data structure will not change. A list is a dynamic data structure that is used if new items are likely to added to the data structure (NOTE: Python only supports lists).\r\n\r\n','Array,One-dimensional array,Two-dimensional array',4,45,2,3,NULL,'Arrays','2019-03-15 14:25:33',1,1),(600,'Refine the top-down design into testable elements','\r\n\r\n\r\n\r\n\r\n\r\n\r\n','Valid extreme,Invalid,Invalid extreme,Validation,White box testing,Black box Testing',4,49,19,NULL,NULL,'','2019-03-23 12:41:02',1,1),(601,'Describe key structures of the program that will be tested','\r\n\r\n','Subroutine,Function,Procedure',2,49,19,NULL,NULL,'','2019-03-23 12:46:07',1,1),(602,'Explain how different parts of the program will tested during and after development','\r\n\r\n\r\n\r\n','White box testing,Black box Testing,User Acceptance Testing (UAT)',3,49,19,NULL,NULL,'','2019-03-23 13:02:57',1,1),(603,'Explain how black box testing will be carried out after development','\r\n','Black box Testing',3,49,19,NULL,NULL,'','2019-03-23 13:05:20',1,1),(604,'Explain reasons for not giving out personal information and sending photos of yourself online','\r\n\r\n\r\n','Privacy',3,30,50,NULL,NULL,'','2019-03-24 07:17:09',1,1),(605,'Give examples of personal information','\r\n\r\n','Privacy,Personal information',2,30,50,NULL,NULL,'','2019-03-24 07:18:06',1,1),(606,'Identify actions to take in order to stay safe online','\r\n\r\n\r\n\r\n','',1,30,50,NULL,NULL,'','2019-03-24 07:22:57',1,1),(607,'Describe what is meant by malicious software','Malware is a program that has been <b>installed</b> on your <b>computer</b> without you knowing. Your computer may be infected by Malware through downloads from <b>websites</b> or attachments in <b>emails</b> designed to trick you.','Malware',2,27,50,NULL,NULL,'','2019-03-24 12:38:14',1,1),(608,'Give examples of malicious software','\r\n\r\n\r\n\r\n\r\n','Malware,Internet bot,Rootkit,Spyware,Trojan horse,Worm,Ransomware,Keylogger',2,27,50,NULL,NULL,'','2019-03-24 12:56:58',1,1),(609,'Identify online dangers','\r\n','Malware,Phishing',1,27,50,NULL,NULL,'','2019-03-24 12:58:32',1,1),(610,'Give an account of how records in one table related to records in another table (Primary Key and Foreign Key relationship)','\r\n\r\n','Foreign key,Primary key,Structured Query Language (SQL)',2,46,4,NULL,NULL,'SQL','2019-03-29 11:41:45',1,1),(611,'Describe how to search for a value using a hash table','Pass the key to the hash function and go to the array index in list. If the value is not found follow the linked list until the value is found.\r\n\r\n','Hash table,Linked list',2,36,21,NULL,NULL,'','2019-04-10 04:30:07',1,1),(612,'Describe how to insert a value into a hash table','Pass the key to the hash function and go to the array index in the list. If the location is empty then insert the value or follow the linked list a free space is found.\r\n','Hash table',2,36,21,NULL,NULL,'','2019-04-10 04:30:39',1,1),(613,'Describe how to delete a value from a hash table','Pass the key to the hash function and go to the array index in the list. If the value is not found, follow the linked list until the value is found.them mark the entry then update the pointers\r\n','Hash table',2,36,21,NULL,NULL,'','2019-04-10 04:31:28',1,1),(614,'Create a hash function to select, insert and delete values from a list','Combine the use of a linked list and hash function. Use decomposition to create a hashing function and pass the value to find the values in the linked list.\r\n','Hash table',4,36,21,NULL,NULL,'','2019-04-10 04:32:27',1,1),(615,'Explain how hash function turns a string into a integer used to select, insert and delete values from a list','Hashing is the process of creating value from a given input. The output','Hash function',3,36,22,NULL,NULL,'','2019-04-10 04:46:13',1,1),(616,'State the purpose of using hash tables to retrieve data','A hash table allows for the fast retrieval of data by calculating the index value from the value being searched.','Hash function,Hash table',1,36,21,NULL,NULL,'','2019-04-10 05:28:59',1,1),(617,'Describe the concurrent processing and parallel processing','Parallel processing refers to the more than one instruction being processed by different processors whereas concurrent processing refers to each process being given a slice of time processor time.\r\n\r\n\r\n\r\n','Concurrent processing,Parallel processing',2,48,25,NULL,NULL,'Concurrency','2019-05-03 04:04:36',1,1),(618,'Explain the advantages and disadvantages of concurrent processing','The benefit of concurrent processing is that more tasks can be completed in a given time. For example, the time waiting for a user to input data or view data from output. However, if there are many users trying to run programs that involve a lot of computation, the programs take longer to complete. Processes also compete with each other for processing time.\r\n\r\n','Concurrent processing',3,48,25,NULL,NULL,'Concurrency','2019-05-03 04:19:04',1,1),(619,'Explain the advantages and disadvantages of parallel processing','In parallel processing, tasks can be performed simultaneously such as when performing large amounts of repetitive calculations on large data sets.  However, there is an overhead in coordinating tasks.\r\n\r\n','Parallel processing',3,48,25,NULL,NULL,'Concurrency','2019-05-03 04:25:32',1,1),(620,'Explain how caching is used to increases response time in processing','Caching is the temporary storage of instructions or data that may be needed again shortly. By storing the instructions or data closer to the processor the faster they can be retrieved next time they are needed. Another example is caching of web pages, javascript or CSS files on your local computer rather than downloading them every time the page is refreshed (or if the page is visited frequently).\r\n\r\n','Caching',3,48,25,NULL,NULL,'Caching','2019-05-03 04:41:33',1,1),(621,'Describe the drawbacks of caching','Algorithms to predict which data should be cached can be quite complicated. If the incorrect data is cached this needs to be refreshed with the correct data.\r\n','Caching',2,48,25,NULL,NULL,'Caching','2019-05-03 04:52:45',1,1),(622,'Describe different uses of shortest path algorithms','\r\n\r\n\r\n','A* algorithm,Dijkstras algorithm',2,39,22,NULL,NULL,'','2019-05-14 08:26:02',1,1),(623,'Explain how Dijkstras algorithm is used to traverse a graph to find the shortest path','\r\n\r\n','Breadth-first Traversal,Dijkstras algorithm',3,39,22,NULL,NULL,'','2019-05-14 08:27:30',1,1),(624,'Explain how A* algorithm is a special case path-finding algorithm','The A* algorithm is an extension of Dijkstras algorithm. It has two cost functions to measure the distance: The first, like in Dijkstras algorithm, is the real cost from the node to a given node and the second is a hueristic function to give an estimated cost, whose aim is to reach the destination by giving nodes that take a path in the direction of the destination a higher priority.','A* algorithm,Heuristic method',3,39,22,NULL,NULL,'','2019-05-14 08:31:47',1,1),(625,'Describe how a program is allocated to a space in memory','A program is allocated a specific area of memory while the program is running. In multitasking environment, multiple programs are stored in memory.\r\n','Memory',2,32,25,NULL,NULL,'','2019-05-16 07:59:41',1,1),(626,'Explain the differences and similarities between paging and segmentation','Paging and Segmentation are methods used to manage programs in memory. Paging divides the memory into fixed size pages of 4mb. If the program needs to occupy more than 4mb of memory the program may occupy non-contiguous pages, but this slows down the program. Segmentation stores the program into logically sized data blocks, dividing the program by its functions and modules. Unlike paging, this allows the program to execute as a logical block of code. However, it is more difficult to load the program as the RAM gets full.  \r\n\r\n','Paging,Segmentation',3,32,25,NULL,NULL,'','2019-05-16 08:05:24',1,1),(627,'Describe the purpose of protocol in data communications','The rules set out by TCP/IP protocol stack are required in order for data communications to work between devices. Each layer of the TCP/IP protocol stack consists of a number of protocols. The TCP/IP protocol stack is based on the Open Systems Interconnection (OSI) Model.\r\n\r\n\r\n','TCP/IP Protocol Stack',2,25,26,NULL,NULL,'','2019-05-17 05:04:39',1,1),(628,'Describe how the various protocols operate at each layer in the stack','The TCP/IP stack consists of four layers: The Application layer, Transport Layer, Internet layer and Link Layer. Each layer consists of a set of protocols which have different roles.  As the data is passed from one layer to the other the data is encapsulated in an envelope.\r\n','TCP/IP Protocol Stack,Application Layer,Transport Layer,Internet Layer,Link Layer',2,25,26,NULL,NULL,'','2019-05-17 05:13:53',1,1),(629,'Describe the different sections of a segment of memory given to a process','The memory segment given to the process is divided into four sections which are allocated for a given purpose: The Code segment contains the program instructions\\\\\\; The Data segment contains variables\\\\\\; The Stack segment allows the program to use functions and subroutines\\\\\\; The Free memory space allows the stack to grow or shrink.\r\n','Segmentation',2,32,25,NULL,NULL,'','2019-05-22 06:46:45',1,1),(630,'Give an account of what causes a memory leak','A memory leak occurs when a program does not unallocate memory for use by other processes.\r\n','Memory leak',2,32,25,NULL,NULL,'','2019-05-22 06:58:14',1,1),(631,'Give an account of the cause of a stack overflow','Each time the program calls a function (or calls itself) it is added to the stack. A stack overflow occurs when the stack runs out of memory.','Stack overflow',2,32,26,NULL,NULL,'','2019-05-22 07:02:17',1,1);
/*!40000 ALTER TABLE `sow_learning_objective` ENABLE KEYS */;
UNLOCK TABLES;

--
-- Table structure for table `sow_learning_objective__has__learning_episode`
--

DROP TABLE IF EXISTS `sow_learning_objective__has__learning_episode`;
/*!40101 SET @saved_cs_client     = @@character_set_client */;
/*!40101 SET character_set_client = utf8 */;
CREATE TABLE `sow_learning_objective__has__learning_episode` (
  `id` int(11) NOT NULL AUTO_INCREMENT,
  `learning_objective_id` int(11) DEFAULT NULL,
  `learning_episode_id` int(11) DEFAULT NULL,
  `is_key_objective` tinyint(1) NOT NULL DEFAULT '1',
  PRIMARY KEY (`id`),
  UNIQUE KEY `sow_learning_episode__unique__idx` (`learning_objective_id`,`learning_episode_id`),
  KEY `learning_objective_id__idx` (`learning_objective_id`),
  KEY `learning_episode_id__idx` (`learning_episode_id`),
  CONSTRAINT `sow_learning_objective__has__learning_episode_ibfk_1` FOREIGN KEY (`learning_objective_id`) REFERENCES `sow_learning_objective` (`id`) ON DELETE CASCADE,
  CONSTRAINT `sow_learning_objective__has__learning_episode_ibfk_2` FOREIGN KEY (`learning_episode_id`) REFERENCES `sow_learning_episode` (`id`) ON DELETE CASCADE
) ENGINE=InnoDB AUTO_INCREMENT=807 DEFAULT CHARSET=utf8;
/*!40101 SET character_set_client = @saved_cs_client */;

--
-- Dumping data for table `sow_learning_objective__has__learning_episode`
--

LOCK TABLES `sow_learning_objective__has__learning_episode` WRITE;
/*!40000 ALTER TABLE `sow_learning_objective__has__learning_episode` DISABLE KEYS */;
INSERT INTO `sow_learning_objective__has__learning_episode` VALUES (67,3,64,1),(68,4,64,1),(69,5,64,1),(70,6,64,1),(71,7,64,1),(72,8,64,1),(73,9,64,1),(74,10,64,1),(75,13,64,1),(76,176,64,1),(78,396,64,1),(80,398,64,1),(82,11,65,1),(83,12,65,1),(84,18,65,1),(85,19,65,0),(86,20,65,1),(87,21,65,1),(88,22,65,1),(89,23,65,1),(90,24,65,0),(91,25,65,1),(92,26,65,1),(93,27,65,1),(94,28,65,1),(95,29,65,1),(96,30,65,1),(97,31,65,1),(104,410,65,1),(105,411,65,1),(113,1,66,1),(114,2,66,1),(115,14,66,1),(116,15,66,1),(117,16,66,1),(118,17,66,1),(120,32,68,1),(121,33,68,1),(122,34,68,1),(123,35,68,1),(124,36,68,1),(125,37,68,1),(126,38,68,1),(127,39,68,1),(128,40,68,1),(129,41,68,1),(130,42,68,1),(131,43,68,1),(132,44,68,1),(135,45,72,1),(136,46,72,1),(137,47,72,1),(138,48,72,1),(142,49,72,1),(143,51,74,1),(144,52,74,1),(145,53,74,1),(146,54,75,1),(147,55,75,1),(148,56,75,1),(149,57,75,1),(150,58,75,1),(151,59,75,1),(152,60,75,1),(153,61,75,1),(154,62,75,1),(155,63,75,1),(156,64,75,1),(157,65,75,1),(158,66,75,1),(161,50,76,1),(162,67,76,1),(163,68,76,1),(164,69,76,1),(165,70,76,1),(166,71,76,1),(167,104,76,1),(168,105,76,1),(169,134,76,1),(170,135,76,1),(171,136,76,1),(176,72,77,1),(177,73,77,1),(178,74,77,1),(179,75,77,1),(183,80,78,1),(184,81,78,1),(185,82,78,1),(186,83,78,1),(187,84,78,1),(190,87,79,1),(191,88,79,1),(192,89,79,1),(193,76,80,1),(194,77,80,1),(195,78,80,1),(196,79,80,1),(197,85,80,1),(198,86,80,1),(199,90,80,1),(200,91,80,1),(201,92,80,1),(202,93,80,1),(203,96,80,1),(204,99,80,1),(205,100,80,1),(206,101,80,1),(207,102,80,1),(208,103,80,1),(209,106,80,1),(210,107,80,1),(211,108,80,1),(212,109,80,1),(213,110,80,1),(214,111,80,1),(215,112,80,1),(216,113,80,1),(224,94,81,1),(225,95,81,1),(226,97,81,1),(227,98,81,1),(231,114,82,1),(232,115,82,1),(233,116,82,1),(234,117,82,1),(235,122,82,1),(236,123,82,1),(237,124,82,1),(238,125,82,1),(239,126,82,1),(240,127,82,1),(241,128,82,1),(242,129,82,1),(243,130,82,1),(244,131,82,1),(245,132,82,1),(246,133,82,1),(262,118,83,1),(263,119,83,1),(264,120,83,1),(265,121,83,1),(269,137,85,1),(270,138,85,1),(271,139,85,1),(272,140,85,1),(273,141,85,1),(274,142,85,1),(275,143,85,1),(276,144,85,1),(277,145,85,1),(278,146,85,1),(284,147,86,1),(285,148,86,1),(286,149,86,1),(287,150,86,1),(288,151,86,1),(289,152,86,1),(290,153,86,1),(291,154,86,1),(292,155,86,1),(293,156,86,1),(294,157,86,1),(299,158,87,1),(300,159,87,1),(301,160,87,1),(302,161,87,1),(303,162,87,1),(304,163,87,1),(305,164,87,1),(306,167,87,1),(307,168,87,1),(308,169,87,1),(309,170,87,1),(310,171,87,1),(311,172,87,1),(312,173,87,1),(313,174,87,1),(314,175,87,1),(315,399,87,1),(330,165,88,1),(331,166,88,1),(333,177,89,1),(334,178,89,1),(335,179,89,1),(336,180,89,1),(337,181,89,1),(338,182,89,1),(339,183,89,1),(340,184,90,0),(341,185,90,1),(342,186,90,1),(343,187,90,0),(344,188,90,1),(345,189,90,0),(346,190,90,1),(347,191,90,0),(348,192,90,1),(349,193,90,0),(350,194,90,1),(351,195,90,1),(352,196,158,1),(353,197,158,1),(354,198,157,1),(355,199,157,1),(356,200,157,1),(357,201,158,1),(371,202,92,1),(372,203,92,1),(373,204,92,1),(374,205,93,1),(375,206,93,1),(376,207,93,1),(377,208,93,1),(378,217,93,1),(381,209,94,1),(382,210,94,1),(383,211,94,1),(384,212,94,1),(385,213,94,1),(388,311,95,1),(389,312,95,1),(390,313,95,1),(391,314,96,1),(392,315,96,1),(394,215,97,1),(395,216,97,1),(396,218,97,1),(397,214,99,1),(398,219,100,1),(399,220,100,0),(400,221,100,1),(401,222,100,1),(402,223,100,1),(405,224,101,1),(406,225,101,1),(407,226,101,1),(408,227,101,1),(409,228,169,1),(410,229,169,1),(411,230,169,1),(420,232,102,1),(421,233,102,1),(422,234,102,1),(423,235,102,1),(424,236,102,1),(427,237,103,1),(428,238,103,1),(429,239,103,1),(430,240,103,1),(434,241,164,1),(435,242,164,1),(436,243,164,1),(437,244,164,1),(438,245,164,1),(439,246,164,1),(440,247,164,1),(441,248,164,1),(442,249,165,1),(443,250,165,1),(444,251,165,1),(445,252,104,1),(446,253,104,1),(447,254,104,1),(448,255,166,1),(449,256,166,1),(450,257,165,1),(451,258,165,1),(452,259,166,1),(453,260,166,1),(454,261,165,1),(465,316,105,1),(466,317,105,1),(467,318,105,1),(468,319,105,1),(472,320,106,1),(473,321,106,1),(474,322,106,1),(475,323,106,1),(476,324,106,1),(479,325,107,1),(480,326,107,1),(481,327,107,1),(482,328,108,1),(483,329,108,1),(484,330,108,1),(485,331,109,1),(486,332,109,1),(487,333,109,1),(488,334,109,1),(489,335,109,1),(492,336,110,1),(493,337,110,1),(494,338,110,1),(495,339,111,1),(496,340,111,1),(497,341,111,1),(498,342,111,1),(502,343,112,1),(503,344,112,1),(505,262,113,1),(506,263,113,1),(507,264,113,1),(508,265,113,1),(509,266,113,1),(510,267,113,1),(511,268,113,1),(512,269,113,1),(513,270,113,1),(514,271,113,1),(520,272,114,1),(521,273,114,1),(522,274,114,1),(523,275,114,1),(524,276,114,1),(525,277,114,1),(526,278,114,1),(527,279,114,1),(535,280,115,0),(536,281,115,0),(537,282,115,1),(538,283,115,0),(539,284,115,1),(540,285,115,1),(543,287,116,1),(544,288,116,1),(545,290,116,1),(546,291,116,1),(547,292,116,1),(548,293,116,1),(549,289,116,1),(550,294,118,1),(552,296,118,1),(553,297,118,1),(556,300,118,1),(557,301,118,1),(558,302,118,1),(565,304,119,1),(566,305,119,1),(567,306,119,1),(568,307,119,1),(569,308,119,1),(570,309,119,1),(571,310,119,1),(572,346,120,1),(573,347,120,1),(575,348,121,1),(576,349,121,1),(577,350,121,1),(578,351,121,1),(579,352,121,1),(580,353,121,1),(581,354,121,1),(582,355,121,1),(583,356,121,1),(584,357,121,1),(585,358,121,1),(586,359,121,1),(587,360,121,1),(588,361,121,1),(589,362,121,1),(590,363,122,1),(591,364,122,1),(592,365,122,1),(593,366,122,1),(594,367,122,1),(597,345,123,1),(598,368,123,1),(599,369,123,1),(600,370,123,1),(601,371,123,1),(602,372,123,1),(603,373,123,1),(604,374,123,1),(605,378,123,1),(606,379,123,1),(607,380,123,1),(612,375,124,1),(613,376,124,1),(614,377,124,1),(615,381,125,1),(616,382,125,1),(617,383,125,1),(618,384,125,1),(622,385,126,1),(623,386,126,1),(624,387,126,1),(625,462,131,1),(626,463,131,1),(627,464,131,1),(628,465,131,1),(629,466,131,1),(630,467,131,1),(631,468,132,1),(632,469,132,1),(633,470,132,1),(634,471,132,1),(635,472,132,1),(636,473,132,1),(637,474,133,1),(638,475,133,1),(639,476,133,1),(640,477,133,1),(641,478,133,1),(642,479,133,1),(643,480,133,1),(644,481,135,1),(645,482,135,1),(646,483,135,1),(647,484,135,1),(648,485,136,1),(649,486,136,1),(650,487,136,1),(651,488,136,1),(652,489,136,1),(653,490,136,1),(654,491,136,1),(655,492,136,1),(656,493,131,1),(657,494,131,1),(658,495,131,1),(659,496,132,1),(660,497,132,1),(661,498,138,1),(662,499,138,1),(663,500,138,1),(664,501,145,1),(665,502,145,1),(666,503,145,1),(667,504,145,1),(669,505,145,1),(670,506,140,1),(671,507,140,1),(672,508,140,1),(673,509,140,1),(674,510,140,1),(675,511,140,1),(676,512,141,1),(677,513,141,1),(678,514,141,1),(679,515,141,1),(680,516,141,1),(681,517,141,1),(682,518,141,1),(683,519,141,1),(684,520,141,1),(685,521,141,1),(686,522,141,1),(687,523,141,1),(688,524,142,1),(689,525,143,1),(690,526,143,1),(691,527,143,1),(692,528,143,1),(693,529,143,1),(694,530,143,1),(695,531,143,1),(696,532,144,1),(697,533,144,1),(699,535,48,1),(700,536,48,1),(701,537,48,1),(702,538,144,1),(703,539,144,1),(704,540,145,1),(705,541,118,1),(706,303,118,1),(707,542,146,1),(708,543,146,1),(709,544,146,1),(710,545,146,1),(711,546,147,1),(712,547,147,1),(713,548,147,1),(714,549,147,1),(715,550,147,1),(716,551,148,1),(717,552,148,1),(718,553,148,1),(719,554,148,1),(720,555,148,1),(721,556,149,1),(722,557,149,0),(723,558,149,1),(724,559,149,1),(725,560,149,1),(726,535,154,1),(727,536,154,1),(728,537,154,1),(729,561,146,1),(730,562,155,1),(731,563,155,1),(732,564,155,1),(733,565,155,1),(734,566,156,1),(735,567,156,1),(736,568,156,1),(737,569,156,1),(738,570,156,1),(739,571,156,1),(740,572,156,1),(741,573,156,1),(742,574,156,1),(743,575,156,1),(744,289,118,1),(745,576,158,0),(746,577,158,0),(747,578,158,1),(748,579,158,1),(749,580,157,1),(750,581,157,1),(751,582,157,1),(752,583,159,0),(753,584,159,1),(754,585,159,1),(755,586,159,1),(756,587,159,1),(758,589,160,1),(759,590,160,1),(760,591,160,1),(761,592,161,0),(762,593,161,1),(763,594,161,1),(764,595,161,1),(765,596,162,1),(766,597,162,1),(767,598,162,1),(768,599,100,1),(769,600,163,1),(770,601,163,1),(771,602,163,1),(773,604,167,1),(774,605,167,1),(775,606,167,1),(776,607,168,1),(777,608,168,1),(778,609,168,1),(779,610,169,1),(780,611,170,1),(781,612,170,1),(782,613,170,1),(783,614,170,1),(784,615,170,1),(785,616,170,1),(786,583,171,1),(787,584,171,1),(788,585,171,1),(789,586,171,1),(790,587,171,1),(792,617,173,1),(793,618,173,1),(794,619,173,1),(795,620,173,1),(796,621,173,1),(797,622,174,1),(798,623,174,1),(799,624,174,1),(800,625,137,1),(801,626,137,1),(802,627,175,1),(803,628,175,1),(804,629,137,1),(805,630,137,1),(806,631,137,1);
/*!40000 ALTER TABLE `sow_learning_objective__has__learning_episode` ENABLE KEYS */;
UNLOCK TABLES;

--
-- Table structure for table `sow_lesson_plan`
--

DROP TABLE IF EXISTS `sow_lesson_plan`;
/*!40101 SET @saved_cs_client     = @@character_set_client */;
/*!40101 SET character_set_client = utf8 */;
CREATE TABLE `sow_lesson_plan` (
  `id` int(11) NOT NULL AUTO_INCREMENT,
  `learning_episode_id` int(11) NOT NULL,
  `order_of_delivery_id` int(11) NOT NULL,
  `title` varchar(40) NOT NULL,
  `description` varchar(1000) NOT NULL,
  `duration_minutes` int(11) DEFAULT '0',
  `task_icon` varchar(500) DEFAULT '',
  PRIMARY KEY (`id`),
  KEY `sow_lesson_plan__has__learning_episode` (`learning_episode_id`),
  CONSTRAINT `sow_lesson_plan__has__learning_episode` FOREIGN KEY (`learning_episode_id`) REFERENCES `sow_learning_episode` (`id`) ON DELETE CASCADE
) ENGINE=InnoDB AUTO_INCREMENT=34 DEFAULT CHARSET=utf8;
/*!40101 SET character_set_client = @saved_cs_client */;

--
-- Dumping data for table `sow_lesson_plan`
--

LOCK TABLES `sow_lesson_plan` WRITE;
/*!40000 ALTER TABLE `sow_lesson_plan` DISABLE KEYS */;
INSERT INTO `sow_lesson_plan` VALUES (1,163,1,'Review the test plan from the exemplar','Identify a number of tests from the exemplar (High exemplar pg 270 - 275). How is the program being tested? What types of tests are being carried out?',10,'fa-door-open'),(2,163,4,'Black-box testing test plan','Write a test plan (High Exemplar pg 42) to check the functionality of the program against the end user requirements.',10,'fa-user'),(3,163,3,'White-box testing','From the top-down design state the data that will be used to test the program. Identify an element to be tested. For example, if you have an element of your program which receives an input from the user, state the data that you will use to test it (Med exemplar pg 53). Where applicable, use normal, extreme and borderline data. Can the elements be tested without a GUI? How can you design the program as testable elements? ',10,'fa-user'),(4,163,6,'Roles and responsibilities of testing','What is the difference between white-box testing and black-box testing? Who carries out Alpha testing? Who carries out Beta Testing?',5,'fa-door-closed'),(5,163,2,'Test strategy headings','Create subheadings: Testing during development, Post development testing, Acceptance testing. ',5,'fa-user'),(6,163,5,'Acceptance testing questionnaire','Create a questionnaire for the end user to evaluate whether they think the program has met their requirements',10,'fa-user'),(7,167,1,'What is phishing?','Research: What is phishing?',10,'fa-door-open'),(8,167,2,'What is personal Information?','Write down examples of personal information. Share with the rest of the class.',10,'fa-user'),(11,167,5,'Staying safe quiz','1) When Im on line I should never give out my last name, address, phone number, the name of my school, or teams I play for.  2) I can send a photo of myself online when Ive told my parents and theyve given me permission to do so. 3) If someone I meet online gives me his phone number I should ask my parents permission before I call. 4) If someone send me an inappropriate message or materials I should immediately do not reply to it and save it, tell my parents, use the report button. 5) If someone Ive met online wants to meet in person I should never consider doing so before talking to my parents about it',15,'fa-door-closed'),(12,167,3,'Sharing photos','What are the dangers of posting pictures of yourself online? CEOP KS3 Film Consequences https://www.youtube.com/watch?v=ZSMi7ftfalA',15,'fa-comments'),(13,167,4,'Contacting someone you have met online','Should you contact or meet someone you have met online',5,'fa-comments'),(14,166,4,'Trace tables','Complete the trace tables',15,'fa-user'),(16,166,2,'Purpose of testing','What is the purpose of testing?',5,'fa-comments'),(17,166,5,'Exam Question','Answer the questions on White-box testing, Black-box testing and acceptance testing',15,'fa-door-closed'),(18,166,3,'Stages of testing','Write down headings: Developer testing, Black-box testing, White-box testing, User Acceptance Testing',15,'fa-user'),(19,168,1,'iLOVEYOU virus','What is the iLOVEYOU virus? When did it start? How did it spread? How was it so effective? How was it stopped?',15,'fa-door-open'),(20,168,3,'Protection against computer viruses','How can you protect yourself against computer viruses? In pairs find different ways of protecting your computer against viruses such as iLOVEYOU.',20,'fa-user-friends'),(21,168,4,'Online safety quiz','Answer the questions of what is a virus and how to protect against viruses',10,'fa-door-closed'),(22,168,2,'Types of viruses','Research different types of viruses',10,'fa-user'),(23,169,1,'SQL Select WHERE clause','Write SQL statements using the WHERE clause to SELECT records from a table',10,'fa-door-open'),(24,169,2,'Introduction to INNER JOIN','Show example of inner join using w3schools example (https://www.w3schools.com/sql/sql_join_inner.asp) of orders and customers table. Student to write join.',15,'fa-comments'),(25,169,3,'INNER JOIN','Student to create join between orders table and orderdetails table',20,'fa-user'),(26,169,4,'Exam-style Question','Question from assessment.',10,'fa-door-closed'),(27,160,1,'Global and local variables','Recap on local and global variables. Show video.',10,'fa-door-open'),(28,160,2,'Stack overflow','Show recursion which will cause a stack overflow. Predict outcome.',5,'fa-user'),(29,160,3,'Demonstrate a simple recursive function','Write a recursive function with a stop condition. Exceed recursion depth',10,'fa-user-friends'),(30,160,5,'Compare iteration and recursion','Compare  factorial function using iteration vs recursion',10,'fa-comments'),(31,160,6,'Perfornance and memory','Discuss performance and memory. Simple recursion with',15,'fa-comments'),(32,160,4,'Compare parameters and global variables?','Look at the use of parameters and global variables in recursive functions',5,'fas fa-question-circle'),(33,160,7,'Homework','Iteration and Recursion worksheet',5,'fa-door-closed');
/*!40000 ALTER TABLE `sow_lesson_plan` ENABLE KEYS */;
UNLOCK TABLES;

--
-- Table structure for table `sow_logging`
--

DROP TABLE IF EXISTS `sow_logging`;
/*!40101 SET @saved_cs_client     = @@character_set_client */;
/*!40101 SET character_set_client = utf8 */;
CREATE TABLE `sow_logging` (
  `id` int(11) NOT NULL AUTO_INCREMENT,
  `details` text,
  `created` datetime NOT NULL DEFAULT '0000-00-00 00:00:00',
  PRIMARY KEY (`id`)
) ENGINE=InnoDB AUTO_INCREMENT=35 DEFAULT CHARSET=utf8;
/*!40101 SET character_set_client = @saved_cs_client */;

--
-- Dumping data for table `sow_logging`
--

LOCK TABLES `sow_logging` WRITE;
/*!40000 ALTER TABLE `sow_logging` DISABLE KEYS */;
INSERT INTO `sow_logging` VALUES (1,'Hyper Text Markup Language (HTML),Javascript,HTML form,Interpretter,Compiler,Object code,Validation,Function,Variable','2019-02-21 05:33:04'),(2,'','2019-02-21 05:33:04'),(3,'Javascript,Embedded Javascript,External Javascript,Form controls,HTML identifiers','2019-02-21 05:33:04'),(4,'Javascript,Web browser,Object code,Compiler,Interpretter','2019-02-21 05:33:04'),(5,'Embedded Javascript,External Javascript,HTML form','2019-02-21 05:33:04'),(6,'Javascript,HTML form,HTML identifiers','2019-02-21 05:33:04'),(7,'Hyper Text Markup Language (HTML),Javascript,HTML form,Interpretter,Compiler,Object code,Validation,Function,Variable','2019-02-21 05:41:41'),(8,'','2019-02-21 05:41:41'),(9,'Javascript,Embedded Javascript,External Javascript,Form controls,HTML identifiers','2019-02-21 05:41:41'),(10,'Javascript,Web browser,Object code,Compiler,Interpretter','2019-02-21 05:41:41'),(11,'Embedded Javascript,External Javascript,HTML form','2019-02-21 05:41:41'),(12,'Javascript,HTML form,HTML identifiers','2019-02-21 05:41:41'),(13,'','2019-02-21 05:42:33'),(14,'Metadata,HTML tags,Hyper Text Markup Language (HTML)','2019-02-21 05:42:33'),(15,'HTML tags,Domain name','2019-02-21 05:42:33'),(16,'Directed Graph,Googles PageRank','2019-02-21 05:42:33'),(17,'Googles PageRank,Algorithm','2019-02-21 05:42:33'),(18,'Hyper Text Markup Language (HTML),Javascript,HTML form,Interpretter,Compiler,Object code,Validation,Function,Variable','2019-02-21 05:46:54'),(19,'','2019-02-21 05:46:54'),(20,'Javascript,Embedded Javascript,External Javascript,Form controls,HTML identifiers','2019-02-21 05:46:54'),(21,'Javascript,Object code,Compiler,Interpreter','2019-02-21 05:46:54'),(22,'Embedded Javascript,External Javascript,HTML form','2019-02-21 05:46:54'),(23,'Javascript,HTML form,HTML identifiers','2019-02-21 05:46:54'),(24,'Hyper Text Markup Language (HTML),Javascript,HTML form,Interpretter,Compiler,Object code,Validation,Function,Variable','2019-02-21 05:55:18'),(25,'','2019-02-21 05:55:18'),(26,'Javascript,Embedded Javascript,External Javascript,Form controls,HTML identifiers','2019-02-21 05:55:18'),(27,'Javascript,Object code,Compiler,Interpreter','2019-02-21 05:55:18'),(28,'Embedded Javascript,External Javascript,HTML form','2019-02-21 05:55:18'),(29,'Javascript,HTML form,HTML identifiers','2019-02-21 05:55:18'),(30,'','2019-02-21 06:19:21'),(31,'Metadata,HTML tags,Hyper Text Markup Language (HTML)','2019-02-21 06:19:21'),(32,'HTML tags,Domain name','2019-02-21 06:19:21'),(33,'Directed Graph,Googles PageRank','2019-02-21 06:19:21'),(34,'Googles PageRank,Algorithm','2019-02-21 06:19:21');
/*!40000 ALTER TABLE `sow_logging` ENABLE KEYS */;
UNLOCK TABLES;

--
-- Table structure for table `sow_menu`
--

DROP TABLE IF EXISTS `sow_menu`;
/*!40101 SET @saved_cs_client     = @@character_set_client */;
/*!40101 SET character_set_client = utf8 */;
CREATE TABLE `sow_menu` (
  `id` int(11) NOT NULL AUTO_INCREMENT,
  `name` varchar(4) NOT NULL,
  `created` datetime NOT NULL DEFAULT '0000-00-00 00:00:00',
  `created_by` int(10) unsigned NOT NULL DEFAULT '0',
  `asset_id` int(10) NOT NULL DEFAULT '0',
  `published` tinyint(4) unsigned NOT NULL DEFAULT '1',
  PRIMARY KEY (`id`)
) ENGINE=InnoDB AUTO_INCREMENT=27 DEFAULT CHARSET=utf8;
/*!40101 SET character_set_client = @saved_cs_client */;

--
-- Dumping data for table `sow_menu`
--

LOCK TABLES `sow_menu` WRITE;
/*!40000 ALTER TABLE `sow_menu` DISABLE KEYS */;
/*!40000 ALTER TABLE `sow_menu` ENABLE KEYS */;
UNLOCK TABLES;

--
-- Table structure for table `sow_play_based`
--

DROP TABLE IF EXISTS `sow_play_based`;
/*!40101 SET @saved_cs_client     = @@character_set_client */;
/*!40101 SET character_set_client = utf8 */;
CREATE TABLE `sow_play_based` (
  `id` int(11) NOT NULL AUTO_INCREMENT,
  `name` varchar(100) NOT NULL,
  `created` datetime NOT NULL DEFAULT '0000-00-00 00:00:00',
  `created_by` int(10) unsigned NOT NULL DEFAULT '0',
  `published` tinyint(4) NOT NULL DEFAULT '1',
  PRIMARY KEY (`id`)
) ENGINE=InnoDB AUTO_INCREMENT=4 DEFAULT CHARSET=utf8;
/*!40101 SET character_set_client = @saved_cs_client */;

--
-- Dumping data for table `sow_play_based`
--

LOCK TABLES `sow_play_based` WRITE;
/*!40000 ALTER TABLE `sow_play_based` DISABLE KEYS */;
INSERT INTO `sow_play_based` VALUES (1,'Symbolic and representation of objects: Interacting with Technology','0000-00-00 00:00:00',0,1),(2,'Logical and operational thought: Exploring and using','0000-00-00 00:00:00',0,1),(3,'Development of abstract: Understanding','0000-00-00 00:00:00',0,1);
/*!40000 ALTER TABLE `sow_play_based` ENABLE KEYS */;
UNLOCK TABLES;

--
-- Table structure for table `sow_reference`
--

DROP TABLE IF EXISTS `sow_reference`;
/*!40101 SET @saved_cs_client     = @@character_set_client */;
/*!40101 SET character_set_client = utf8 */;
CREATE TABLE `sow_reference` (
  `id` int(11) NOT NULL AUTO_INCREMENT,
  `reference_type_id` int(11) NOT NULL,
  `title` varchar(300) NOT NULL,
  `authors` varchar(200) DEFAULT '',
  `publisher` varchar(70) NOT NULL,
  `year_published` int(4) NOT NULL,
  `url` varchar(2083) DEFAULT NULL,
  `last_accessed` datetime DEFAULT '0000-00-00 00:00:00',
  `scheme_of_work_id` int(11) NOT NULL,
  `created` datetime NOT NULL DEFAULT '0000-00-00 00:00:00',
  `created_by` int(10) unsigned NOT NULL DEFAULT '0',
  `published` tinyint(4) NOT NULL DEFAULT '1',
  PRIMARY KEY (`id`),
  KEY `sow_reference__has__scheme_of_work` (`scheme_of_work_id`),
  CONSTRAINT `sow_reference__has__scheme_of_work` FOREIGN KEY (`scheme_of_work_id`) REFERENCES `sow_scheme_of_work` (`id`)
) ENGINE=InnoDB AUTO_INCREMENT=36 DEFAULT CHARSET=utf8;
/*!40101 SET character_set_client = @saved_cs_client */;

--
-- Dumping data for table `sow_reference`
--

LOCK TABLES `sow_reference` WRITE;
/*!40000 ALTER TABLE `sow_reference` DISABLE KEYS */;
INSERT INTO `sow_reference` VALUES (1,6,'OCR Computer Science for GCSE (9-1)','George Rouse and Sean OByrne','Hodder Education',2016,'https://hoddereducation.co.uk/subjects/ict/products/14-16/ocr-computer-science-for-gcse-student-book','0000-00-00 00:00:00',127,'2019-01-27 17:45:02',1,1),(2,7,'GCSE OCR Computer Science videos','Craig Sargent and David Hillyard','Craig n Dave',2019,'https://student.craigndave.org/gcse-videos','0000-00-00 00:00:00',127,'2019-01-27 17:47:17',1,1),(4,6,'OCR AS and A Level Computer Science','PM Heathcote and RSU Heathcote','PG Online',2016,'','0000-00-00 00:00:00',11,'2019-01-31 14:12:12',1,1),(5,8,'Lightbot','Laurent Haan and Zenobia Homan','Lightbot',2019,'https://lightbot.lu/','0000-00-00 00:00:00',76,'2019-02-01 05:46:24',1,1),(6,8,'W3Schools','','W3Schools.com',2019,'https://www.w3schools.com','0000-00-00 00:00:00',11,'2019-02-01 10:46:23',1,1),(7,7,'A level: OCR Specification Order','Craig and Dave','YouTube',2019,'https://www.youtube.com/playlist?list=PLCiOXwirraUBj7HtVHfNZsnwjyZQj97da','0000-00-00 00:00:00',11,'2019-02-02 10:41:24',1,1),(8,6,'OCR GCSE Computer Science','Holly Billinghurst','TeachAllAboutIT',2019,'https://teachallaboutit.school/gcse-computer-science/ocr-gcse-j276/','0000-00-00 00:00:00',127,'2019-02-08 05:43:11',1,1),(10,9,'Scratch 2','','MIT',2019,'https://scratch.mit.edu/download/scratch2','0000-00-00 00:00:00',76,'2019-02-08 11:32:50',1,1),(11,8,'TeachICT','Teach ICT for Computer Science','TeachICT.com',2019,'http://teach-ict.com','0000-00-00 00:00:00',76,'2019-02-08 15:14:34',1,1),(13,8,'BBC Bitesize - KS3 Computer Science','','BBC Bitesize',2019,'https://www.bbc.com/bitesize/subjects/zvc9q6f','0000-00-00 00:00:00',76,'2019-02-10 09:27:16',1,1),(14,6,'CS Unplugged','','CS Education Research Group',2019,'https://www.csunplugged.org/en/','0000-00-00 00:00:00',76,'2019-02-10 09:47:42',1,1),(15,8,'Digital Schoolhouse','','Ukies Digital Schoolhouse',2019,'http://www.digitalschoolhouse.org.uk','0000-00-00 00:00:00',76,'2019-02-10 09:49:02',1,1),(16,6,'GCSE Computer Science','','BBC Bitesize',2019,'https://www.bbc.com/bitesize/subjects/z34k7ty','0000-00-00 00:00:00',127,'2019-02-10 12:00:34',1,1),(17,8,'Teach ICT','','Teach ICT',2019,'https://teach-ict.com/2016/GCSE_Computing/OCR_J276/OCR_J276_home.html','0000-00-00 00:00:00',127,'2019-02-12 08:25:24',1,1),(18,9,'Logo','','Softronics, Inc',2019,'http://www.softronics.com','0000-00-00 00:00:00',76,'2019-02-13 09:32:35',1,1),(19,8,'Teach ICT A-level CS','','Teach ICT',2019,'https://teach-ict.com/2016/A_Level_Computing/OCR_H446','0000-00-00 00:00:00',11,'2019-02-25 04:56:45',1,1),(20,8,'Other websites','','Academic resources',2019,'','0000-00-00 00:00:00',11,'2019-03-09 05:35:53',1,1),(21,8,'Computing at School','','National Centre for Computing',2019,'https://www.computingatschool.org.uk/','0000-00-00 00:00:00',11,'2019-03-09 06:09:35',1,1),(22,9,'Flowol 4','','Robot Mesh',2019,'http://www.flowol.com/Downloads.aspx','0000-00-00 00:00:00',76,'2019-03-09 11:50:06',1,1),(23,8,'Higher Computer Science','','BBC Bitesize',2019,'https://www.bbc.com/bitesize/subjects/zxmh34j','0000-00-00 00:00:00',11,'2019-03-11 08:02:18',1,1),(24,8,'ThinkUKnow','','National Crime Agency',2019,'https://www.thinkuknow.co.uk','0000-00-00 00:00:00',76,'2019-03-24 13:01:20',1,1),(25,8,'W3Schools','','W3Schools',2019,'https://www.w3schools.com','0000-00-00 00:00:00',127,'2019-03-29 12:04:22',1,1),(26,8,'Programiz','','Parewa Labs Pvt Ltd',2019,'https://www.programiz.com','0000-00-00 00:00:00',11,'2019-04-10 05:12:17',1,1),(27,7,'Computer Science channel','Computer Science','YouTube',2019,'https://www.youtube.com/channel/UCSX3MR0gnKDxyXAyljWzm0Q','0000-00-00 00:00:00',11,'2019-04-10 05:26:31',1,1),(28,8,'Tutorialpoint.com','','Tutorial Point',2019,'https://www.tutorialspoint.com','0000-00-00 00:00:00',11,'2019-04-10 05:39:17',1,1),(29,8,'Python language reference','','Python.org',2019,'https://docs.python.org','0000-00-00 00:00:00',11,'2019-04-10 06:00:35',1,1),(30,7,'Coding Tech','','YouTube',2019,'https://www.youtube.com/channel/UCtxCXg-UvSnTKPOzLH4wJaQ','0000-00-00 00:00:00',11,'2019-04-11 15:40:43',1,1),(31,7,'John Phillip Jones','John Phillip Jones','YouTube',2019,'https://www.youtube.com/user/johnphilipjones','0000-00-00 00:00:00',11,'2019-04-18 09:36:35',1,1),(32,6,'OCR Computer Science for GCSE (9-1)','Sean O\"Byrne, George Rouse','Hodder Education',2015,'','0000-00-00 00:00:00',127,'2019-04-30 03:22:55',1,1),(33,6,'GCSE OCR Specification Order','','YouTube',2019,'https://student.craigndave.org/gcse-videos','0000-00-00 00:00:00',127,'2019-04-30 03:25:54',1,1),(34,7,'GCSE OCR Computer Science Videos','Craig n Dave','Craig n Dave',2019,'https://student.craigndave.org/gcse-videos','0000-00-00 00:00:00',127,'2019-04-30 03:28:59',1,1),(35,7,'Computerphile','','YouTube',2019,'https://www.youtube.com/user/Computerphile','0000-00-00 00:00:00',11,'2019-05-14 08:34:09',1,1);
/*!40000 ALTER TABLE `sow_reference` ENABLE KEYS */;
UNLOCK TABLES;

--
-- Table structure for table `sow_reference_type`
--

DROP TABLE IF EXISTS `sow_reference_type`;
/*!40101 SET @saved_cs_client     = @@character_set_client */;
/*!40101 SET character_set_client = utf8 */;
CREATE TABLE `sow_reference_type` (
  `id` int(11) NOT NULL AUTO_INCREMENT,
  `name` varchar(15) NOT NULL,
  `created` datetime NOT NULL DEFAULT '0000-00-00 00:00:00',
  `created_by` int(10) unsigned NOT NULL DEFAULT '0',
  `published` tinyint(4) NOT NULL DEFAULT '1',
  PRIMARY KEY (`id`)
) ENGINE=InnoDB AUTO_INCREMENT=10 DEFAULT CHARSET=utf8;
/*!40101 SET character_set_client = @saved_cs_client */;

--
-- Dumping data for table `sow_reference_type`
--

LOCK TABLES `sow_reference_type` WRITE;
/*!40000 ALTER TABLE `sow_reference_type` DISABLE KEYS */;
INSERT INTO `sow_reference_type` VALUES (6,'Book','0000-00-00 00:00:00',0,1),(7,'Video','0000-00-00 00:00:00',0,1),(8,'Website','0000-00-00 00:00:00',0,1),(9,'App','0000-00-00 00:00:00',0,1);
/*!40000 ALTER TABLE `sow_reference_type` ENABLE KEYS */;
UNLOCK TABLES;

--
-- Table structure for table `sow_scheme_of_work`
--

DROP TABLE IF EXISTS `sow_scheme_of_work`;
/*!40101 SET @saved_cs_client     = @@character_set_client */;
/*!40101 SET character_set_client = utf8 */;
CREATE TABLE `sow_scheme_of_work` (
  `id` int(11) NOT NULL AUTO_INCREMENT,
  `name` varchar(40) NOT NULL,
  `description` text,
  `key_stage_id` int(11) NOT NULL,
  `exam_board_id` int(11) DEFAULT NULL,
  `created` datetime NOT NULL DEFAULT '0000-00-00 00:00:00',
  `created_by` int(10) unsigned NOT NULL DEFAULT '0',
  `published` tinyint(4) NOT NULL DEFAULT '1',
  PRIMARY KEY (`id`),
  KEY `sow_scheme_of_work__has__key_stage` (`key_stage_id`),
  KEY `sow_scheme_of_work__has__year` (`exam_board_id`),
  CONSTRAINT `sow_scheme_of_work__has__key_stage` FOREIGN KEY (`key_stage_id`) REFERENCES `sow_key_stage` (`id`) ON DELETE CASCADE,
  CONSTRAINT `sow_scheme_of_work__has__year` FOREIGN KEY (`exam_board_id`) REFERENCES `sow_exam_board` (`id`) ON DELETE CASCADE
) ENGINE=InnoDB AUTO_INCREMENT=129 DEFAULT CHARSET=utf8;
/*!40101 SET character_set_client = @saved_cs_client */;

--
-- Dumping data for table `sow_scheme_of_work`
--

LOCK TABLES `sow_scheme_of_work` WRITE;
/*!40000 ALTER TABLE `sow_scheme_of_work` DISABLE KEYS */;
INSERT INTO `sow_scheme_of_work` VALUES (11,'A-Level Computer Science','Computing curriculum for A-Level\r\n                \r\n                \r\n                \r\n                \r\n                \r\n                \r\n                \r\n                \r\n                \r\n\r\n\r\n\r\n',5,3,'0000-00-00 00:00:00',1,1),(76,'KS3 Computing','\r\n\r\n\r\n\r\n\r\n\r\n',3,NULL,'2018-12-24 09:46:03',1,1),(127,'GCSE Computer Science 9-1','\r\n\r\n\r\n',4,NULL,'2019-01-13 13:40:51',1,1);
/*!40000 ALTER TABLE `sow_scheme_of_work` ENABLE KEYS */;
UNLOCK TABLES;

--
-- Table structure for table `sow_solo_taxonomy`
--

DROP TABLE IF EXISTS `sow_solo_taxonomy`;
/*!40101 SET @saved_cs_client     = @@character_set_client */;
/*!40101 SET character_set_client = utf8 */;
CREATE TABLE `sow_solo_taxonomy` (
  `id` int(11) NOT NULL AUTO_INCREMENT,
  `name` varchar(100) NOT NULL,
  `lvl` char(1) NOT NULL DEFAULT 'A',
  `created` datetime NOT NULL DEFAULT '0000-00-00 00:00:00',
  `created_by` int(10) unsigned NOT NULL DEFAULT '0',
  `published` tinyint(4) NOT NULL DEFAULT '1',
  PRIMARY KEY (`id`),
  UNIQUE KEY `name_UNIQUE` (`name`)
) ENGINE=InnoDB AUTO_INCREMENT=5 DEFAULT CHARSET=utf8;
/*!40101 SET character_set_client = @saved_cs_client */;

--
-- Dumping data for table `sow_solo_taxonomy`
--

LOCK TABLES `sow_solo_taxonomy` WRITE;
/*!40000 ALTER TABLE `sow_solo_taxonomy` DISABLE KEYS */;
INSERT INTO `sow_solo_taxonomy` VALUES (1,'A Unistructural: Identify, Name, Define (give, recall or state)','A','0000-00-00 00:00:00',0,1),(2,'Multistructural: Describe, List (give an account or give examples of)','B','0000-00-00 00:00:00',0,1),(3,'Relational: Explain, Compare, Justify and Give Reasons (evaluate or assess)','C','0000-00-00 00:00:00',0,1),(4,'Extended Abstract: Create, Formulate','D','0000-00-00 00:00:00',0,1);
/*!40000 ALTER TABLE `sow_solo_taxonomy` ENABLE KEYS */;
UNLOCK TABLES;

--
-- Table structure for table `sow_subject_purpose`
--

DROP TABLE IF EXISTS `sow_subject_purpose`;
/*!40101 SET @saved_cs_client     = @@character_set_client */;
/*!40101 SET character_set_client = utf8 */;
CREATE TABLE `sow_subject_purpose` (
  `id` int(11) NOT NULL AUTO_INCREMENT,
  `name` varchar(20) NOT NULL,
  `created` datetime NOT NULL DEFAULT '0000-00-00 00:00:00',
  `created_by` int(10) unsigned NOT NULL DEFAULT '0',
  `published` tinyint(4) NOT NULL DEFAULT '1',
  PRIMARY KEY (`id`)
) ENGINE=InnoDB AUTO_INCREMENT=4 DEFAULT CHARSET=utf8;
/*!40101 SET character_set_client = @saved_cs_client */;

--
-- Dumping data for table `sow_subject_purpose`
--

LOCK TABLES `sow_subject_purpose` WRITE;
/*!40000 ALTER TABLE `sow_subject_purpose` DISABLE KEYS */;
INSERT INTO `sow_subject_purpose` VALUES (1,'Engineering','0000-00-00 00:00:00',0,1),(2,'Mathematics','0000-00-00 00:00:00',0,1),(3,'Science','0000-00-00 00:00:00',0,1);
/*!40000 ALTER TABLE `sow_subject_purpose` ENABLE KEYS */;
UNLOCK TABLES;

--
-- Table structure for table `sow_topic`
--

DROP TABLE IF EXISTS `sow_topic`;
/*!40101 SET @saved_cs_client     = @@character_set_client */;
/*!40101 SET character_set_client = utf8 */;
CREATE TABLE `sow_topic` (
  `id` int(11) NOT NULL AUTO_INCREMENT,
  `name` varchar(45) NOT NULL,
  `parent_id` int(11) DEFAULT NULL,
  `lvl` tinyint(4) DEFAULT NULL,
  `created` datetime NOT NULL DEFAULT '0000-00-00 00:00:00',
  `created_by` int(10) unsigned NOT NULL DEFAULT '0',
  `published` tinyint(4) NOT NULL DEFAULT '1',
  PRIMARY KEY (`id`),
  KEY `fk_sow_topic_topic1_idx` (`parent_id`)
) ENGINE=InnoDB AUTO_INCREMENT=10003 DEFAULT CHARSET=utf8;
/*!40101 SET character_set_client = @saved_cs_client */;

--
-- Dumping data for table `sow_topic`
--

LOCK TABLES `sow_topic` WRITE;
/*!40000 ALTER TABLE `sow_topic` DISABLE KEYS */;
INSERT INTO `sow_topic` VALUES (0,'Computing',NULL,0,'0000-00-00 00:00:00',0,1),(1,'Algorithms',0,1,'0000-00-00 00:00:00',0,1),(2,'Programming and development',0,1,'0000-00-00 00:00:00',0,1),(3,'Data representation',0,1,'0000-00-00 00:00:00',0,1),(4,'Hardware and architecture',0,1,'0000-00-00 00:00:00',0,1),(5,'Communication and networks',0,1,'0000-00-00 00:00:00',0,1),(6,'Information technology',0,1,'0000-00-00 00:00:00',0,1),(7,'CPU',4,2,'0000-00-00 00:00:00',0,1),(8,'Memory',4,2,'0000-00-00 00:00:00',0,1),(9,'Types of computers',4,2,'0000-00-00 00:00:00',0,1),(10,'Primary storage',4,2,'0000-00-00 00:00:00',0,1),(11,'Secondary storage',4,2,'0000-00-00 00:00:00',0,1),(12,'Flash memory',4,2,'0000-00-00 00:00:00',0,1),(13,'Magnetic storage',4,2,'0000-00-00 00:00:00',0,1),(14,'Optical storage',4,2,'0000-00-00 00:00:00',0,1),(15,'Networks',5,2,'0000-00-00 00:00:00',0,1),(16,'VPN',5,2,'0000-00-00 00:00:00',0,1),(17,'Network connection',5,2,'0000-00-00 00:00:00',0,1),(18,'Types of network',5,2,'0000-00-00 00:00:00',0,1),(19,'Network hardware',5,2,'0000-00-00 00:00:00',0,1),(20,'Network topology',5,2,'0000-00-00 00:00:00',0,1),(21,'Network protocol',5,2,'0000-00-00 00:00:00',0,1),(22,'Network encryption',5,2,'0000-00-00 00:00:00',0,1),(23,'Network addressing',5,2,'0000-00-00 00:00:00',0,1),(24,'Network protocol',5,2,'0000-00-00 00:00:00',0,1),(25,'Network layers',5,2,'0000-00-00 00:00:00',0,1),(26,'Network hardware',5,2,'0000-00-00 00:00:00',0,1),(27,'Malicious attacks',5,2,'0000-00-00 00:00:00',0,1),(28,'Network policy',5,2,'0000-00-00 00:00:00',0,1),(29,'Hacking',5,2,'0000-00-00 00:00:00',0,1),(30,'Internet services',6,2,'0000-00-00 00:00:00',0,1),(31,'Programs and applications',6,2,'0000-00-00 00:00:00',0,1),(32,'Operating system',6,2,'0000-00-00 00:00:00',0,1),(33,'Libraries',6,2,'0000-00-00 00:00:00',0,1),(34,'Utilities',6,2,'0000-00-00 00:00:00',0,1),(35,'Problem solving',1,2,'0000-00-00 00:00:00',0,1),(36,'Algorithms',1,2,'0000-00-00 00:00:00',0,1),(37,'Programming and constructs',1,2,'0000-00-00 00:00:00',0,1),(38,'Data Types',1,2,'0000-00-00 00:00:00',0,1),(39,'Program structures',1,2,'0000-00-00 00:00:00',0,1),(40,'Logic gates',1,2,'0000-00-00 00:00:00',0,1),(41,'Boolean algebra',1,2,'0000-00-00 00:00:00',0,1),(42,'Operators',2,2,'0000-00-00 00:00:00',0,1),(43,'Variables and constants',2,2,'0000-00-00 00:00:00',0,1),(44,'Iteration and loops',2,2,'0000-00-00 00:00:00',0,1),(45,'Arrays',2,2,'0000-00-00 00:00:00',0,1),(46,'Storing and accessing data: Files and SQL',2,2,'0000-00-00 00:00:00',0,1),(47,'String manipulation',2,2,'0000-00-00 00:00:00',0,1),(48,'Functions and procedures',2,2,'0000-00-00 00:00:00',0,1),(49,'Documentation, testing and Debugging',2,2,'0000-00-00 00:00:00',0,1),(50,'Translators',2,2,'0000-00-00 00:00:00',0,1),(51,'Assembly language',2,2,'0000-00-00 00:00:00',0,1),(52,'Assemblers',2,2,'0000-00-00 00:00:00',0,1),(53,'High-level languages',2,2,'0000-00-00 00:00:00',0,1),(54,'Compilers',2,2,'0000-00-00 00:00:00',0,1),(55,'Interpreters',2,2,'0000-00-00 00:00:00',0,1),(56,'Development environment',2,2,'0000-00-00 00:00:00',0,1),(57,'Run-time environment',2,2,'0000-00-00 00:00:00',0,1),(58,'Binary',3,2,'0000-00-00 00:00:00',0,1),(59,'Hexidecimal',3,2,'0000-00-00 00:00:00',0,1),(60,'Characters',3,2,'0000-00-00 00:00:00',0,1),(61,'Images',3,2,'0000-00-00 00:00:00',0,1),(62,'Metadata',3,2,'0000-00-00 00:00:00',0,1),(63,'Images',3,2,'0000-00-00 00:00:00',0,1),(64,'Sound',3,2,'0000-00-00 00:00:00',0,1),(65,'Data compression',3,2,'0000-00-00 00:00:00',0,1),(66,'Cultural',6,2,'0000-00-00 00:00:00',0,1),(67,'Legal',6,2,'0000-00-00 00:00:00',0,1),(68,'Open-source and propretary software',6,2,'0000-00-00 00:00:00',0,1),(69,'Ethical',6,2,'0000-00-00 00:00:00',0,1),(70,'Automation',6,2,'0000-00-00 00:00:00',0,1),(71,'Artificial Intelligence',6,2,'0000-00-00 00:00:00',0,1),(72,'Environment',6,2,'0000-00-00 00:00:00',0,1);
/*!40000 ALTER TABLE `sow_topic` ENABLE KEYS */;
UNLOCK TABLES;

--
-- Table structure for table `sow_year`
--

DROP TABLE IF EXISTS `sow_year`;
/*!40101 SET @saved_cs_client     = @@character_set_client */;
/*!40101 SET character_set_client = utf8 */;
CREATE TABLE `sow_year` (
  `id` int(11) NOT NULL AUTO_INCREMENT,
  `name` varchar(4) NOT NULL,
  `key_stage_id` int(11) NOT NULL,
  `created` datetime NOT NULL DEFAULT '0000-00-00 00:00:00',
  `created_by` int(10) unsigned NOT NULL DEFAULT '0',
  `published` tinyint(4) NOT NULL DEFAULT '1',
  PRIMARY KEY (`id`),
  KEY `fk_sow_year_keystage_idx` (`key_stage_id`)
) ENGINE=InnoDB AUTO_INCREMENT=14 DEFAULT CHARSET=utf8;
/*!40101 SET character_set_client = @saved_cs_client */;

--
-- Dumping data for table `sow_year`
--

LOCK TABLES `sow_year` WRITE;
/*!40000 ALTER TABLE `sow_year` DISABLE KEYS */;
INSERT INTO `sow_year` VALUES (1,'Yr1',1,'0000-00-00 00:00:00',0,1),(2,'Yr2',1,'0000-00-00 00:00:00',0,1),(3,'Yr3',1,'0000-00-00 00:00:00',0,1),(4,'Yr4',2,'0000-00-00 00:00:00',0,1),(5,'Yr5',2,'0000-00-00 00:00:00',0,1),(6,'Yr6',2,'0000-00-00 00:00:00',0,1),(7,'Yr7',3,'0000-00-00 00:00:00',0,1),(8,'Yr8',3,'0000-00-00 00:00:00',0,1),(9,'Yr9',3,'0000-00-00 00:00:00',0,1),(10,'Yr10',4,'0000-00-00 00:00:00',0,1),(11,'Yr11',4,'0000-00-00 00:00:00',0,1),(12,'Yr12',5,'0000-00-00 00:00:00',0,1),(13,'Yr13',5,'0000-00-00 00:00:00',0,1);
/*!40000 ALTER TABLE `sow_year` ENABLE KEYS */;
UNLOCK TABLES;

--
-- Temporary table structure for view `view_child_parent_topics`
--

DROP TABLE IF EXISTS `view_child_parent_topics`;
/*!50001 DROP VIEW IF EXISTS `view_child_parent_topics`*/;
SET @saved_cs_client     = @@character_set_client;
SET character_set_client = utf8;
/*!50001 CREATE VIEW `view_child_parent_topics` AS SELECT 
 1 AS `id`,
 1 AS `name`,
 1 AS `parent_id`,
 1 AS `parent_name`,
 1 AS `related_topic_id`,
 1 AS `related_topic_name`,
 1 AS `lvl`,
 1 AS `created`,
 1 AS `created_by`*/;
SET character_set_client = @saved_cs_client;

--
-- Final view structure for view `view_child_parent_topics`
--

/*!50001 DROP VIEW IF EXISTS `view_child_parent_topics`*/;
/*!50001 SET @saved_cs_client          = @@character_set_client */;
/*!50001 SET @saved_cs_results         = @@character_set_results */;
/*!50001 SET @saved_col_connection     = @@collation_connection */;
/*!50001 SET character_set_client      = utf8 */;
/*!50001 SET character_set_results     = utf8 */;
/*!50001 SET collation_connection      = utf8_general_ci */;
/*!50001 CREATE ALGORITHM=UNDEFINED */
/*!50013 DEFINER=`drussell1974`@`%` SQL SECURITY DEFINER */
/*!50001 VIEW `view_child_parent_topics` AS select `t`.`id` AS `id`,`t`.`name` AS `name`,`p`.`id` AS `parent_id`,`p`.`name` AS `parent_name`,`r`.`id` AS `related_topic_id`,`r`.`name` AS `related_topic_name`,`t`.`lvl` AS `lvl`,`t`.`created` AS `created`,`t`.`created_by` AS `created_by` from ((`sow_topic` `t` left join `sow_topic` `p` on((`p`.`id` = `t`.`parent_id`))) left join `sow_topic` `r` on((`p`.`id` = `r`.`parent_id`))) */;
/*!50001 SET character_set_client      = @saved_cs_client */;
/*!50001 SET character_set_results     = @saved_cs_results */;
/*!50001 SET collation_connection      = @saved_col_connection */;
/*!40103 SET TIME_ZONE=@OLD_TIME_ZONE */;

/*!40101 SET SQL_MODE=@OLD_SQL_MODE */;
/*!40014 SET FOREIGN_KEY_CHECKS=@OLD_FOREIGN_KEY_CHECKS */;
/*!40014 SET UNIQUE_CHECKS=@OLD_UNIQUE_CHECKS */;
/*!40101 SET CHARACTER_SET_CLIENT=@OLD_CHARACTER_SET_CLIENT */;
/*!40101 SET CHARACTER_SET_RESULTS=@OLD_CHARACTER_SET_RESULTS */;
/*!40101 SET COLLATION_CONNECTION=@OLD_COLLATION_CONNECTION */;
/*!40111 SET SQL_NOTES=@OLD_SQL_NOTES */;

-- Dump completed on 2019-05-27  5:01:32
